{"0.1%": {"3200.0": 0.0007531250012107193, "600.0": 0.02495117112994194, "2900.0": 0.0008203124743886292, "1600.0": 0.0030937499832361937, "1400.0": 0.004062499850988388, "1500.0": 0.0033593750558793545, "1900.0": 0.0020390625577419996, "450.0": 0.04648437350988388, "2400.0": 0.001203124993480742, "3400.0": 0.0007375000277534127, "4800.0": 0.0006593749858438969, "400.0": 0.05859375, "850.0": 0.010859374888241291, "650.0": 0.01967773400247097, "1200.0": 0.005335937719792128, "1000.0": 0.007128906436264515, "1700.0": 0.0025390624068677425, "5000.0": 0.0006375000230036676, "550.0": 0.03105468675494194, "1300.0": 0.004578125197440386, "950.0": 0.008437500335276127, "3600.0": 0.0007187500013969839, "4000.0": 0.0006390624912455678, "2300.0": 0.0013007812667638063, "2100.0": 0.0015937499701976776, "2000.0": 0.001765624969266355, "1800.0": 0.0023125000298023224, "4600.0": 0.0006593749858438969, "300.0": 0.11210937798023224, "1100.0": 0.006124999839812517, "3000.0": 0.0007624999852851033, "350.0": 0.07421875, "800.0": 0.011874999850988388, "700.0": 0.017031250521540642, "2800.0": 0.000880859384778887, "2500.0": 0.0011171875521540642, "900.0": 0.00917968712747097, "3800.0": 0.000690624990966171, "2200.0": 0.001425781287252903, "4400.0": 0.0006593749858438969, "2700.0": 0.0009492187527939677, "2600.0": 0.0010312499944120646, "4200.0": 0.0006531249964609742, "500.0": 0.03769531100988388, "750.0": 0.014218750409781933}, "2%": {"3200.0": 0.0007999999797903001, "600.0": 0.02607421949505806, "2900.0": 0.0008671875111758709, "1600.0": 0.0032578124664723873, "1400.0": 0.004320312291383743, "1500.0": 0.0036484375596046448, "1900.0": 0.0020859374199062586, "450.0": 0.04921875149011612, "2400.0": 0.0012265625409781933, "3400.0": 0.0007781250169500709, "4800.0": 0.0007437500171363354, "400.0": 0.06191406399011611, "850.0": 0.011484375223517418, "650.0": 0.021240234375, "1200.0": 0.005750000011175871, "1000.0": 0.007988281548023224, "1700.0": 0.0024999999441206455, "5000.0": 0.000750000006519258, "550.0": 0.03173828125, "1300.0": 0.004906250163912773, "950.0": 0.009023437276482582, "3600.0": 0.0007531250012107193, "4000.0": 0.0006843750015832484, "2300.0": 0.0013242186978459358, "2100.0": 0.0016210937174037099, "2000.0": 0.0018203124636784196, "1800.0": 0.002406249986961484, "4600.0": 0.0007343749748542905, "300.0": 0.12070312350988388, "1100.0": 0.006703124847263098, "3000.0": 0.000818750006146729, "350.0": 0.08046875149011612, "800.0": 0.013124999590218067, "700.0": 0.017812499776482582, "2800.0": 0.0009218750055879354, "2500.0": 0.0011484374990686774, "900.0": 0.009999999776482582, "3800.0": 0.0007249999907799065, "2200.0": 0.0014492187183350325, "4400.0": 0.0007218749960884452, "2700.0": 0.0009882812155410647, "2600.0": 0.0010625000577419996, "4200.0": 0.0007062500226311386, "500.0": 0.03984374925494194, "750.0": 0.015351562760770321}, "10%": {"3200.0": 0.0009781250264495611, "600.0": 0.02680664137005806, "2900.0": 0.0010351561941206455, "1600.0": 0.0036484375596046448, "1400.0": 0.004812499973922968, "1500.0": 0.004093749914318323, "1900.0": 0.0023828125558793545, "450.0": 0.05058593675494194, "2400.0": 0.001425781287252903, "3400.0": 0.0009687499841675161, "4800.0": 0.0012374999932944775, "400.0": 0.06523437798023224, "850.0": 0.01230468787252903, "650.0": 0.022216796875, "1200.0": 0.006312500219792128, "1000.0": 0.008710937574505806, "1700.0": 0.0028359375428408384, "5000.0": 0.0012968749506399035, "550.0": 0.03242187574505806, "1300.0": 0.0054687499068677425, "950.0": 0.009765625, "3600.0": 0.0009593750000931321, "4000.0": 0.0009218750055879354, "2300.0": 0.001535156276077032, "2100.0": 0.0018632812425494194, "2000.0": 0.002089843852445483, "1800.0": 0.0027187499217689037, "4600.0": 0.0011749999830499291, "300.0": 0.14531250298023224, "1100.0": 0.0073124999180436134, "3000.0": 0.0009843750158324838, "350.0": 0.09375, "800.0": 0.013984374701976776, "700.0": 0.018828125670552254, "2800.0": 0.0010917969048023224, "2500.0": 0.0013398437295109034, "900.0": 0.010781249962747097, "3800.0": 0.0009437500266358256, "2200.0": 0.0016757812118157744, "4400.0": 0.0010999999940395355, "2700.0": 0.0011601562146097422, "2600.0": 0.001242187456227839, "4200.0": 0.0010218749521300197, "500.0": 0.04033203050494194, "750.0": 0.016171874478459358}, "1%": {"3200.0": 0.0007781250169500709, "600.0": 0.02592773362994194, "2900.0": 0.0008437500218860805, "1600.0": 0.0032031249720603228, "1400.0": 0.0042500002309679985, "1500.0": 0.0035859374329447746, "1900.0": 0.0020468749571591616, "450.0": 0.04873047024011612, "2400.0": 0.0012109375093132257, "3400.0": 0.0007562499959021807, "4800.0": 0.0006874999962747097, "400.0": 0.06132812425494193, "850.0": 0.011386718600988388, "650.0": 0.02099609375, "1200.0": 0.005656249821186066, "1000.0": 0.007851562462747097, "1700.0": 0.0024609374813735485, "5000.0": 0.000681250006891787, "550.0": 0.03164062649011612, "1300.0": 0.004828124772757292, "950.0": 0.008945312350988388, "3600.0": 0.0007312499801628292, "4000.0": 0.0006562499911524355, "2300.0": 0.0013046874664723873, "2100.0": 0.0015898437704890966, "2000.0": 0.0017812500009313226, "1800.0": 0.002363281324505806, "4600.0": 0.0006843750015832484, "300.0": 0.11640624701976776, "1100.0": 0.00660937512293458, "3000.0": 0.0007953125168569386, "350.0": 0.078125, "800.0": 0.012968749739229679, "700.0": 0.017695313319563866, "2800.0": 0.0009023437742143869, "2500.0": 0.0011328124674037099, "900.0": 0.009882812388241291, "3800.0": 0.000699999975040555, "2200.0": 0.001425781287252903, "4400.0": 0.0006781250122003257, "2700.0": 0.0009667968843132259, "2600.0": 0.0010429687099531293, "4200.0": 0.0006687500281259418, "500.0": 0.03974609449505806, "750.0": 0.015156250447034836}, "5%": {"3200.0": 0.0008656249847263098, "600.0": 0.02646484412252903, "2900.0": 0.0009296875214204192, "1600.0": 0.0034062499180436134, "1400.0": 0.004515625070780516, "1500.0": 0.0038203124422580004, "1900.0": 0.0022031250409781933, "450.0": 0.05009765550494194, "2400.0": 0.0012968749506399035, "3400.0": 0.0008468750165775418, "4800.0": 0.0009312499896623194, "400.0": 0.0634765625, "850.0": 0.011835937388241291, "650.0": 0.02167968824505806, "1200.0": 0.005984374787658453, "1000.0": 0.008281249552965164, "1700.0": 0.0026328125968575478, "5000.0": 0.0009593750000931321, "550.0": 0.03212890774011612, "1300.0": 0.005140624940395355, "950.0": 0.009316406212747097, "3600.0": 0.000828124990221113, "4000.0": 0.0007703125011175871, "2300.0": 0.0013984375400468707, "2100.0": 0.0017109374748542905, "2000.0": 0.0019257812527939677, "1800.0": 0.0025234376080334187, "4600.0": 0.0009031249792315066, "300.0": 0.13203124701976776, "1100.0": 0.006968750152736902, "3000.0": 0.0008812500163912773, "350.0": 0.08671875298023224, "800.0": 0.013515625149011612, "700.0": 0.018281249329447746, "2800.0": 0.0009843750158324838, "2500.0": 0.0012148437090218067, "900.0": 0.010312500409781933, "3800.0": 0.0008031249744817615, "2200.0": 0.0015312499599531293, "4400.0": 0.0008687499794177711, "2700.0": 0.001050781225785613, "2600.0": 0.0011249999515712261, "4200.0": 0.000828124990221113, "500.0": 0.0400390625, "750.0": 0.015703124925494194}}