{"0.1%": {"3200.0": 0.000321183565596414, "600.0": 0.02090994057386719, "2900.0": 0.0003568203130830256, "1600.0": 0.001035888113421984, "1400.0": 0.0013552661772984781, "1500.0": 0.0011166681877543124, "1900.0": 0.000722912760360336, "450.0": 0.04468490701191563, "2400.0": 0.00045595309936189473, "3400.0": 0.0003018584102862672, "4800.0": 0.00021927903359705663, "400.0": 0.056723591330999995, "850.0": 0.006089964409863282, "650.0": 0.015961634835187498, "1200.0": 0.0018671127161751096, "1000.0": 0.002850338922159375, "1700.0": 0.0008957714890093758, "5000.0": 0.00020874628742942328, "550.0": 0.027448971936750003, "1300.0": 0.0015345359232713136, "950.0": 0.0038849695227, "3600.0": 0.0002812030459699995, "4000.0": 0.00024071028005716885, "2300.0": 0.000496626980346136, "2100.0": 0.0005947474276120162, "2000.0": 0.0006473161594440001, "1800.0": 0.0008102041518224151, "4600.0": 0.000225736718123007, "300.0": 0.10712758753216407, "1100.0": 0.002270005356400029, "3000.0": 0.00033964443543743996, "350.0": 0.0711078038613703, "800.0": 0.0071914435683046885, "700.0": 0.012665399301843749, "2800.0": 0.00037161301382873836, "2500.0": 0.00041788190668904995, "900.0": 0.004828130987399999, "3800.0": 0.0002634812220793709, "2200.0": 0.0005426315019087854, "4400.0": 0.00023112652434159565, "2700.0": 0.0003871400641211962, "2600.0": 0.0004026767877946059, "4200.0": 0.00023610500663418863, "500.0": 0.03567390485039999, "750.0": 0.009150971429292188}, "2%": {"3200.0": 0.000317211330686211, "600.0": 0.021673319356722655, "2900.0": 0.0003514626507244216, "1600.0": 0.001006291310181356, "1400.0": 0.001360797875981329, "1500.0": 0.0011206705826925, "1900.0": 0.0007097688919901481, "450.0": 0.047058470201925, "2400.0": 0.0004575529347982522, "3400.0": 0.0003003640617204936, "4800.0": 0.00022233874104259695, "400.0": 0.06021194053049999, "850.0": 0.006579961546289063, "650.0": 0.016759716576946873, "1200.0": 0.0019581913852568223, "1000.0": 0.00326131802256375, "1700.0": 0.0008668037542901672, "5000.0": 0.0002110864924454482, "550.0": 0.02792551658842969, "1300.0": 0.0015580237180152622, "950.0": 0.0042709492161, "3600.0": 0.0002821897233242802, "4000.0": 0.00024502408435926864, "2300.0": 0.0004946163447981759, "2100.0": 0.0005867103002118538, "2000.0": 0.000641170752867, "1800.0": 0.0007897788370705895, "4600.0": 0.000228217341399084, "300.0": 0.11497576244294531, "1100.0": 0.0024534832329511595, "3000.0": 0.0003335793562332, "350.0": 0.07827671051769375, "800.0": 0.008078819638429689, "700.0": 0.013037911046015625, "2800.0": 0.0003689586351585331, "2500.0": 0.00042299361196964996, "900.0": 0.00532387657985625, "3800.0": 0.00026543776580768304, "2200.0": 0.0005375601794610397, "4400.0": 0.00023413794485418972, "2700.0": 0.0003854926595930209, "2600.0": 0.00040370141066431225, "4200.0": 0.00024009712027293095, "500.0": 0.036649363186153125, "750.0": 0.009795755324039063}, "10%": {"3200.0": 0.000324588338376588, "600.0": 0.022370317375851562, "2900.0": 0.0003578918455547464, "1600.0": 0.001006291310181356, "1400.0": 0.0013718612733470308, "1500.0": 0.0011326777675070626, "1900.0": 0.0007137120525012045, "450.0": 0.04860644619540938, "2400.0": 0.00046555211198003987, "3400.0": 0.0003070886302664748, "4800.0": 0.00023253776586106472, "400.0": 0.064610293869, "850.0": 0.006761960482675782, "650.0": 0.017370014379468748, "1200.0": 0.0020094231366152857, "1000.0": 0.0034668075727659377, "1700.0": 0.0008690320415762602, "5000.0": 0.00022209214232081113, "550.0": 0.02878329696145313, "1300.0": 0.0015932554101311853, "950.0": 0.0044303756112, "3600.0": 0.0002900831421585258, "4000.0": 0.0002545144538238882, "2300.0": 0.0005026588869900162, "2100.0": 0.0005931400021319836, "2000.0": 0.0006483403938735001, "1800.0": 0.0007897788370705895, "4600.0": 0.00023863595915860742, "300.0": 0.11576057993402344, "1100.0": 0.002560156416992514, "3000.0": 0.00034051087532375996, "350.0": 0.09164575266056718, "800.0": 0.008337637658882813, "700.0": 0.013444287494203124, "2800.0": 0.00037559458183404626, "2500.0": 0.00043193909621069994, "900.0": 0.0054747556732125, "3800.0": 0.0002739161219637024, "2200.0": 0.0005438993325207218, "4400.0": 0.0002439250615201205, "2700.0": 0.0003937296822338974, "2600.0": 0.0004129230164916697, "4200.0": 0.0002497922533955909, "500.0": 0.03762482152190625, "750.0": 0.01021734479368125}, "1%": {"3200.0": 0.00031777879281624, "600.0": 0.021440986683679688, "2900.0": 0.0003514626507244216, "1600.0": 0.0010092509905054187, "1400.0": 0.001360797875981329, "1500.0": 0.0011206705826925, "1900.0": 0.0007097688919901481, "450.0": 0.046645676603662506, "2400.0": 0.00045595309936189473, "3400.0": 0.0003003640617204936, "4800.0": 0.0002213188385607502, "400.0": 0.059453603747999996, "850.0": 0.0064959620371875006, "650.0": 0.01666582460732812, "1200.0": 0.0019524989684392153, "1000.0": 0.003221545851556875, "1700.0": 0.0008690320415762602, "5000.0": 0.00020968236943583326, "550.0": 0.027734898727757817, "1300.0": 0.001546279820643288, "950.0": 0.0042373857645, "3600.0": 0.00028169638464713983, "4000.0": 0.00024459270392905867, "2300.0": 0.0004936110270241958, "2100.0": 0.0005867103002118538, "2000.0": 0.000641170752867, "1800.0": 0.0007897788370705895, "4600.0": 0.0002277212167438686, "300.0": 0.11144408373309375, "1100.0": 0.00242361474141958, "3000.0": 0.00033444579611951997, "350.0": 0.07556415124232813, "800.0": 0.007949410628203125, "700.0": 0.01293631693396875, "2800.0": 0.00036763144582343046, "2500.0": 0.0004191598330091999, "900.0": 0.005269991189371875, "3800.0": 0.00026543776580768304, "2200.0": 0.0005362923488491033, "4400.0": 0.0002333850897260412, "2700.0": 0.00038466895732893326, "2600.0": 0.0004026767877946059, "4200.0": 0.00023924166735034332, "500.0": 0.036579687590742184, "750.0": 0.009696557801770313}, "5%": {"3200.0": 0.000319481179206327, "600.0": 0.022137984702808592, "2900.0": 0.0003536057156678632, "1600.0": 0.001006291310181356, "1400.0": 0.0013635637253227545, "1500.0": 0.001128675372568875, "1900.0": 0.0007110832788271669, "450.0": 0.04819365259714688, "2400.0": 0.0004607526056709673, "3400.0": 0.0003018584102862672, "4800.0": 0.00022539844848813728, "400.0": 0.062335283521499994, "850.0": 0.0066527612917411895, "650.0": 0.016994446500993746, "1200.0": 0.0019752686357096434, "1000.0": 0.0033408623645775, "1700.0": 0.0008668037542901672, "5000.0": 0.00021529886147429308, "550.0": 0.028497370170445315, "1300.0": 0.0015736822478445614, "950.0": 0.0043464669822, "3600.0": 0.00028465641670998194, "4000.0": 0.0002484751278009485, "2300.0": 0.000498637615894096, "2100.0": 0.0005899251511719187, "2000.0": 0.000645267690585, "1800.0": 0.0007897788370705895, "4600.0": 0.0002319382763131995, "300.0": 0.12164671111710938, "1100.0": 0.002491885579206047, "3000.0": 0.00033617867589215997, "350.0": 0.08467060023819843, "800.0": 0.008152767644273438, "700.0": 0.013274963974125, "2800.0": 0.00037161301382873836, "2500.0": 0.00042682739093009994, "900.0": 0.005397160579358871, "3800.0": 0.00026869867202153667, "2200.0": 0.0005400958406849126, "4400.0": 0.00023752579293085806, "2700.0": 0.0003887874686493715, "2600.0": 0.0004077999021431378, "4200.0": 0.0002435189319632815, "500.0": 0.037206767949440625, "750.0": 0.009994150368576564}}