{"0.1%": {"3200.0": 0.0012059558281045943, "600.0": 0.027470283207264867, "2900.0": 0.0012642904198026503, "1600.0": 0.0029069576592842677, "1400.0": 0.004144651677610673, "1500.0": 0.0036459772166097058, "1900.0": 0.0020061118084601804, "450.0": 0.07077198586048626, "2400.0": 0.0013828772176999594, "3400.0": 0.0011989311094047132, "4800.0": 0.0012981476335154547, "400.0": 0.0561723550570316, "850.0": 0.02441249109847679, "650.0": 0.02545684651599651, "1200.0": 0.008219441379268564, "1000.0": 0.01550701636171935, "1700.0": 0.0028039553946673933, "5000.0": 0.0013466467421195602, "550.0": 0.04168730054667709, "1300.0": 0.004932196113491106, "950.0": 0.01944705989875476, "3600.0": 0.0012471566074453192, "4000.0": 0.0012664967538080574, "2300.0": 0.0014927984213432106, "2100.0": 0.0017237147189003174, "2000.0": 0.0016260628899345915, "1800.0": 0.002120909828781531, "4600.0": 0.0012710505738862175, "300.0": 0.07259307254613397, "1100.0": 0.01243613232882404, "3000.0": 0.0012396864256365432, "350.0": 0.05992614417529078, "800.0": 0.026699221476176364, "700.0": 0.03090211971014382, "2800.0": 0.0013254780633066903, "2500.0": 0.0012563973271224691, "900.0": 0.024292490740760626, "3800.0": 0.0012521009444517663, "2200.0": 0.001629379228010425, "4400.0": 0.0012866964067045445, "2700.0": 0.0013292556034991776, "2600.0": 0.0013064867346270108, "4200.0": 0.0012869135259474579, "500.0": 0.04039079690781201, "750.0": 0.027454136156746155}, "2%": {"3200.0": 0.0011904337558182152, "600.0": 0.03199911378291341, "2900.0": 0.0012426023890309257, "1600.0": 0.003161700528350268, "1400.0": 0.0050995285867877745, "1500.0": 0.0040915376340096826, "1900.0": 0.002055520097044083, "450.0": 0.055202689817909587, "2400.0": 0.0013970902992887565, "3400.0": 0.0012116973875065523, "4800.0": 0.0013964303419274342, "400.0": 0.05717503981912934, "850.0": 0.025108699216583957, "650.0": 0.031030366613473935, "1200.0": 0.009116341502609362, "1000.0": 0.01764207599969652, "1700.0": 0.003387958675044372, "5000.0": 0.0014321250896299207, "550.0": 0.03894697016254885, "1300.0": 0.006271360144743045, "950.0": 0.020087374727107594, "3600.0": 0.0011944959690532058, "4000.0": 0.001275412392211058, "2300.0": 0.0015127768134359232, "2100.0": 0.0016842960256756526, "2000.0": 0.001667967350112893, "1800.0": 0.0022659709952633274, "4600.0": 0.0013473103889259273, "300.0": 0.08128186033702303, "1100.0": 0.01191191118382188, "3000.0": 0.001200974769082057, "350.0": 0.06465374062421021, "800.0": 0.02735902183341194, "700.0": 0.028059281828903083, "2800.0": 0.0012524982178496644, "2500.0": 0.0012851409157145868, "900.0": 0.02221496414115653, "3800.0": 0.0012241936112890872, "2200.0": 0.0016342863753858524, "4400.0": 0.0013260583517760286, "2700.0": 0.0013042756785801588, "2600.0": 0.0013186821621774078, "4200.0": 0.001301921605578325, "500.0": 0.048416961892244315, "750.0": 0.027802358683638752}, "10%": {"3200.0": 0.0014613579876819908, "600.0": 0.03699479089126795, "2900.0": 0.0014651132177255465, "1600.0": 0.003743278556928572, "1400.0": 0.0059753945134210645, "1500.0": 0.004758278970945494, "1900.0": 0.0023684093831372885, "450.0": 0.05826116363258947, "2400.0": 0.0016637584855918332, "3400.0": 0.0014988934496022062, "4800.0": 0.002350003361961161, "400.0": 0.0643204655164739, "850.0": 0.0269653009220925, "650.0": 0.03459148326105007, "1200.0": 0.0093059047842863, "1000.0": 0.018749607284647158, "1700.0": 0.0038832978370217865, "5000.0": 0.00247710626478479, "550.0": 0.04221815736528437, "1300.0": 0.007038806392373539, "950.0": 0.021692928030062765, "3600.0": 0.0015171535080132316, "4000.0": 0.0016535227930225779, "2300.0": 0.0017960167338129031, "2100.0": 0.0019922749837609837, "2000.0": 0.001959724712126385, "1800.0": 0.0026451517984858834, "4600.0": 0.0022115493136474016, "300.0": 0.12047883610760896, "1100.0": 0.013675087149935074, "3000.0": 0.0014295883286047566, "350.0": 0.09306860004579717, "800.0": 0.029836543312130575, "700.0": 0.03219447827961888, "2800.0": 0.001473183918022204, "2500.0": 0.0015413395834188647, "900.0": 0.02416000874593291, "3800.0": 0.0015831590279527363, "2200.0": 0.0019208657808185367, "4400.0": 0.001992837050758285, "2700.0": 0.001504482668803523, "2600.0": 0.001527651259664235, "4200.0": 0.0018591831032175475, "500.0": 0.05089267077955471, "750.0": 0.03174190105926806}, "1%": {"3200.0": 0.001173314937885799, "600.0": 0.03120408395914128, "2900.0": 0.001196739124388765, "1600.0": 0.0031031662353533636, "1400.0": 0.0049588953583114765, "1500.0": 0.0040254026954602146, "1900.0": 0.002016779855895044, "450.0": 0.05607208599368872, "2400.0": 0.001389972490365615, "3400.0": 0.0011764073588467951, "4800.0": 0.001280673971532331, "400.0": 0.05727135329582345, "850.0": 0.024844962925574914, "650.0": 0.030315599471767894, "1200.0": 0.008856918673781076, "1000.0": 0.01741475605659905, "1700.0": 0.00336499459733471, "5000.0": 0.0013086907945601075, "550.0": 0.038734411422064435, "1300.0": 0.006113362384184952, "950.0": 0.01989040103404926, "3600.0": 0.001160843842769856, "4000.0": 0.001227067852549618, "2300.0": 0.0015096974996168834, "2100.0": 0.0016937041953292366, "2000.0": 0.0016365309113329733, "1800.0": 0.0022460840477538397, "4600.0": 0.001266183677574577, "300.0": 0.0775427852572364, "1100.0": 0.011804602532739045, "3000.0": 0.0011611637733531968, "350.0": 0.06178815530367662, "800.0": 0.026738080861784287, "700.0": 0.028155907977634453, "2800.0": 0.0012406160549798394, "2500.0": 0.001260432489102692, "900.0": 0.022270892637712203, "3800.0": 0.0011933686685880807, "2200.0": 0.0015790663180095703, "4400.0": 0.001259954670500097, "2700.0": 0.00125580277017635, "2600.0": 0.0012731934766067243, "4200.0": 0.0012471050480790166, "500.0": 0.047784820312868063, "750.0": 0.026775457880100783}, "5%": {"3200.0": 0.0012830228727160227, "600.0": 0.03416378904857184, "2900.0": 0.0013305403014610144, "1600.0": 0.0033919802505550526, "1400.0": 0.005443343456809361, "1500.0": 0.004341630401150827, "1900.0": 0.0021399874730643393, "450.0": 0.056208817334826015, "2400.0": 0.0014831909761025927, "3400.0": 0.001293361625254676, "4800.0": 0.0017276769247722046, "400.0": 0.06015348742757469, "850.0": 0.025679289921446535, "650.0": 0.03239785841877822, "1200.0": 0.00959407801098937, "1000.0": 0.018041018180014076, "1700.0": 0.003558924050334091, "5000.0": 0.0018266412985392297, "550.0": 0.04041612758433007, "1300.0": 0.006663294537615336, "950.0": 0.02074684359300883, "3600.0": 0.0013119884260460574, "4000.0": 0.0014239010528609927, "2300.0": 0.0016301162217552618, "2100.0": 0.0017927901512740782, "2000.0": 0.001769918818595429, "1800.0": 0.002409882751447427, "4600.0": 0.001698447569351592, "300.0": 0.09417400085671083, "1100.0": 0.012154687411072, "3000.0": 0.0012776778967877858, "350.0": 0.07533985602278342, "800.0": 0.028245052171170716, "700.0": 0.029379113941144425, "2800.0": 0.001340927508741125, "2500.0": 0.0013899315298814012, "900.0": 0.022884274457094195, "3800.0": 0.0013751057133825195, "2200.0": 0.0017138220005713388, "4400.0": 0.0015913098869202182, "2700.0": 0.0013688927098958587, "2600.0": 0.0014075556848916306, "4200.0": 0.0015352817635590965, "500.0": 0.048955450227493265, "750.0": 0.02959113511738908}}