{"0.1%": {"3200.0": 0.0012060211969755748, "600.0": 0.02736676921329952, "2900.0": 0.0012882205317992649, "1600.0": 0.002904946125746405, "1400.0": 0.004043853742625051, "1500.0": 0.003640043879389977, "1900.0": 0.0020082038773547375, "450.0": 0.06657278080996144, "2400.0": 0.001383842412386478, "3400.0": 0.0012051671410094958, "4800.0": 0.0012964832697423014, "400.0": 0.05818617255054312, "850.0": 0.02310854063960617, "650.0": 0.024497885865159247, "1200.0": 0.01090394739114165, "1000.0": 0.0148602519493595, "1700.0": 0.002795877963591239, "5000.0": 0.0013462296668044545, "550.0": 0.038260650082627246, "1300.0": 0.004824089119040099, "950.0": 0.01878646199330549, "3600.0": 0.001237459949839583, "4000.0": 0.0012860223415083294, "2300.0": 0.0015042277394042955, "2100.0": 0.0017265668183686286, "2000.0": 0.0016195220921623667, "1800.0": 0.0021280256857838468, "4600.0": 0.0012702848808447992, "300.0": 0.07266037877650165, "1100.0": 0.015264752346102771, "3000.0": 0.00124344257136507, "350.0": 0.06146890691195852, "800.0": 0.024797428758858688, "700.0": 0.02914489921065207, "2800.0": 0.0013252209131741494, "2500.0": 0.0012545383508533211, "900.0": 0.023369714378217304, "3800.0": 0.001250043349799444, "2200.0": 0.0016199961657782772, "4400.0": 0.0012640210083204044, "2700.0": 0.0013317640623918894, "2600.0": 0.001307580727958482, "4200.0": 0.0012870078101970689, "500.0": 0.04299424501168402, "750.0": 0.025260131999280986}, "2%": {"3200.0": 0.001206446749958104, "600.0": 0.030553915959471364, "2900.0": 0.00122035994721561, "1600.0": 0.003164489846851045, "1400.0": 0.005091326600957879, "1500.0": 0.004083278190693233, "1900.0": 0.0020301597616618366, "450.0": 0.05626099437304039, "2400.0": 0.001398057592541189, "3400.0": 0.0011868142522164118, "4800.0": 0.001369373138840833, "400.0": 0.06046667913103782, "850.0": 0.023427756986306093, "650.0": 0.028236920984542013, "1200.0": 0.00911916023827835, "1000.0": 0.017110590537200026, "1700.0": 0.0033847512067517386, "5000.0": 0.0014234322849270816, "550.0": 0.03690733338074907, "1300.0": 0.00872468646763292, "950.0": 0.019242177008755943, "3600.0": 0.001199728144490543, "4000.0": 0.0012574409615171034, "2300.0": 0.0015158922605134025, "2100.0": 0.0016873041469369276, "2000.0": 0.0016607521600226828, "1800.0": 0.0022676710264817076, "4600.0": 0.0013462671444292686, "300.0": 0.08130137964651786, "1100.0": 0.01422187518100695, "3000.0": 0.001186105994181297, "350.0": 0.06942250764499852, "800.0": 0.025091310131121158, "700.0": 0.025637484543563203, "2800.0": 0.0012548619837205247, "2500.0": 0.0013072349793330873, "900.0": 0.020867262365410696, "3800.0": 0.0012474585619407395, "2200.0": 0.0016105149829111376, "4400.0": 0.0013274760581399295, "2700.0": 0.0012818708053445008, "2600.0": 0.0013229055652641513, "4200.0": 0.001302528389196238, "500.0": 0.047739390714364706, "750.0": 0.02468978730096795}, "10%": {"3200.0": 0.0014391236599596538, "600.0": 0.0349708314884982, "2900.0": 0.0014407864870014343, "1600.0": 0.003747556506040439, "1400.0": 0.0059758850155288866, "1500.0": 0.0047537140056919626, "1900.0": 0.0023717418615784814, "450.0": 0.059813650426160866, "2400.0": 0.001642274589931647, "3400.0": 0.0014989640464764548, "4800.0": 0.0023571749997758945, "400.0": 0.06997354309790974, "850.0": 0.025570100380710014, "650.0": 0.03183441327492864, "1200.0": 0.009321172638086312, "1000.0": 0.018194764482319385, "1700.0": 0.0038839493615351137, "5000.0": 0.0024704864524459323, "550.0": 0.04024762934635772, "1300.0": 0.007042871456085009, "950.0": 0.020974286021688538, "3600.0": 0.0015443161106852695, "4000.0": 0.001654080443058258, "2300.0": 0.0017692471128472457, "2100.0": 0.001996802651062016, "2000.0": 0.0019544813248499808, "1800.0": 0.0026401695134211393, "4600.0": 0.002162659322375748, "300.0": 0.12175072371471156, "1100.0": 0.025654848217291033, "3000.0": 0.0014097155974323202, "350.0": 0.09883599355862283, "800.0": 0.027910592125642755, "700.0": 0.029700041360607957, "2800.0": 0.0014752706073082025, "2500.0": 0.001514011256324141, "900.0": 0.023064143969551615, "3800.0": 0.001583119328646807, "2200.0": 0.001920576682187574, "4400.0": 0.0019981220892937844, "2700.0": 0.0015082461541479966, "2600.0": 0.0015238453860180906, "4200.0": 0.001859956912774025, "500.0": 0.05098200889588362, "750.0": 0.028785805846183236}, "1%": {"3200.0": 0.0011513718263435216, "600.0": 0.029882398477326176, "2900.0": 0.001180419735287346, "1600.0": 0.0031069033547220393, "1400.0": 0.004959329001296069, "1500.0": 0.004026028415692344, "1900.0": 0.0020458520283818055, "450.0": 0.056694921731515864, "2400.0": 0.0013757544315759723, "3400.0": 0.0011535577756546782, "4800.0": 0.001287733976960782, "400.0": 0.06031441829495643, "850.0": 0.02316495162193787, "650.0": 0.02760195644991165, "1200.0": 0.008909513471452035, "1000.0": 0.016853692412070458, "1700.0": 0.0033457502609747993, "5000.0": 0.0013298228415231142, "550.0": 0.03663964612476368, "1300.0": 0.006105032734378005, "950.0": 0.01900673731264175, "3600.0": 0.0011588828153613435, "4000.0": 0.0012471600539761584, "2300.0": 0.0014867190760130173, "2100.0": 0.001669865718998279, "2000.0": 0.0016465204700045327, "1800.0": 0.002247771188529449, "4600.0": 0.0012685298302183086, "300.0": 0.07765952271808929, "1100.0": 0.012205952384594959, "3000.0": 0.0011422173770962265, "350.0": 0.06529726419312064, "800.0": 0.024554253611997107, "700.0": 0.025735066091188634, "2800.0": 0.0012216440367584997, "2500.0": 0.0012606280589506393, "900.0": 0.02100807103835954, "3800.0": 0.0012121822453112542, "2200.0": 0.0015790369639713882, "4400.0": 0.001280141196773876, "2700.0": 0.0012558806578136382, "2600.0": 0.0012984939335588881, "4200.0": 0.0012445498866753921, "500.0": 0.047081303648313665, "750.0": 0.02375497779020866}, "5%": {"3200.0": 0.001293095394599877, "600.0": 0.03231318939944469, "2900.0": 0.0013080847739806074, "1600.0": 0.003388493769506499, "1400.0": 0.005447968199234867, "1500.0": 0.004347576956413099, "1900.0": 0.0021745251443084906, "450.0": 0.057811627412631385, "2400.0": 0.0014854188141168027, "3400.0": 0.0012925337352098552, "4800.0": 0.0017306273340200458, "400.0": 0.06475439097555559, "850.0": 0.024154343421211692, "650.0": 0.02947983893594832, "1200.0": 0.009611319822733482, "1000.0": 0.017510700011181428, "1700.0": 0.0035601975871379695, "5000.0": 0.0018303274631339662, "550.0": 0.03850752604556489, "1300.0": 0.006660393517465264, "950.0": 0.019893221789684078, "3600.0": 0.0013135520902907917, "4000.0": 0.0014230031288730944, "2300.0": 0.0016005195637210355, "2100.0": 0.0017966883439587316, "2000.0": 0.0017506487205015268, "1800.0": 0.002406201765015629, "4600.0": 0.0016633680872351882, "300.0": 0.05141286183491354, "1100.0": 0.012120029299684153, "3000.0": 0.001275619030600391, "350.0": 0.08187443952856716, "800.0": 0.026045673224136964, "700.0": 0.02707674751229113, "2800.0": 0.0013610471612167784, "2500.0": 0.0013893409227821638, "900.0": 0.021587448239963846, "3800.0": 0.001350270307079525, "2200.0": 0.001729568013495616, "4400.0": 0.0015916410325543559, "2700.0": 0.0013687014573553538, "2600.0": 0.0014008226382827534, "4200.0": 0.0015073832400461235, "500.0": 0.04856288529053611, "750.0": 0.026551108337724137}}