{"0.1%": {"3200.0": 0.0003358673117915479, "600.0": 0.01727734690914386, "2900.0": 0.0003497348675499438, "1600.0": 0.0007074213576593995, "1400.0": 0.0010610440196803805, "1500.0": 0.0008565683411870354, "1900.0": 0.0004193508782376209, "450.0": 0.034972611612889684, "2400.0": 0.00034863028402175116, "3400.0": 0.000324001065644269, "4800.0": 0.0002745390663451793, "400.0": 0.034709850719826074, "850.0": 0.004903848646534223, "650.0": 0.016450075084545927, "1200.0": 0.0012455012243781085, "1000.0": 0.001909889078482839, "1700.0": 0.0005570049385763828, "5000.0": 0.00027583905977962195, "550.0": 0.020946164882978843, "1300.0": 0.0011849173107232865, "950.0": 0.0033480564755535578, "3600.0": 0.00031111193027235447, "4000.0": 0.00029417749674740364, "2300.0": 0.00034715749972471713, "2100.0": 0.0003712159147783021, "2000.0": 0.0003833027126846072, "1800.0": 0.0004700603124888375, "4600.0": 0.0002827594287675565, "300.0": 0.03374545538376735, "1100.0": 0.0014274278325425154, "3000.0": 0.00034187106598591464, "350.0": 0.02804128457462347, "800.0": 0.006180469686383515, "700.0": 0.010957097525440872, "2800.0": 0.00034268288908514353, "2500.0": 0.0003271732468409796, "900.0": 0.004305065724096585, "3800.0": 0.0002980123431993128, "2200.0": 0.00036032558002050536, "4400.0": 0.0002831687665245737, "2700.0": 0.00033699461604371416, "2600.0": 0.00033333033378624025, "4200.0": 0.00029152084022350126, "500.0": 0.025769046869850886, "750.0": 0.00874182221387629}, "2%": {"3200.0": 0.00033093715241283214, "600.0": 0.016725991504408254, "2900.0": 0.0003431959814529797, "1600.0": 0.0006252933510430358, "1400.0": 0.0009205479831774269, "1500.0": 0.0007746784891162387, "1900.0": 0.0004001838406860461, "450.0": 0.03296531014926127, "2400.0": 0.0003513703468317956, "3400.0": 0.00031874597777081884, "4800.0": 0.0002791458056146411, "400.0": 0.034547098199800244, "850.0": 0.005666796056427837, "650.0": 0.014181022373302148, "1200.0": 0.001168656260249126, "1000.0": 0.002113630281524928, "1700.0": 0.0005329639875163059, "5000.0": 0.00027158123638774294, "550.0": 0.020979011396968446, "1300.0": 0.0010231896284294687, "950.0": 0.0036998943552511375, "3600.0": 0.0003047736513167562, "4000.0": 0.0002939730429229371, "2300.0": 0.00035245272464809045, "2100.0": 0.0003544646172164408, "2000.0": 0.00035993760236519023, "1800.0": 0.0004486616135557129, "4600.0": 0.0002778000982530886, "300.0": 0.03785155745047233, "1100.0": 0.0014866910457806402, "3000.0": 0.00033766978106492787, "350.0": 0.03928263965545958, "800.0": 0.006982586604946086, "700.0": 0.01103710017440145, "2800.0": 0.0003452272744836479, "2500.0": 0.00033338951143427705, "900.0": 0.004766738316150931, "3800.0": 0.0002993408408879058, "2200.0": 0.00035787812968479855, "4400.0": 0.00028351279589816967, "2700.0": 0.0003457317596313764, "2600.0": 0.00034252037164696556, "4200.0": 0.0002896202553203203, "500.0": 0.02575284708156359, "750.0": 0.008263873439075909}, "10%": {"3200.0": 0.00033635477329263915, "600.0": 0.015836332568538596, "2900.0": 0.00034934454982450176, "1600.0": 0.0006119467972948431, "1400.0": 0.0009015041044736622, "1500.0": 0.0007558554187127637, "1900.0": 0.0004174302002196445, "450.0": 0.029105248611270704, "2400.0": 0.00034812664302715494, "3400.0": 0.00033111891815141794, "4800.0": 0.00028646398300025773, "400.0": 0.0394467329545315, "850.0": 0.005208882652551278, "650.0": 0.012743101892617233, "1200.0": 0.001189181865566018, "1000.0": 0.002197625458234635, "1700.0": 0.0005147857770660448, "5000.0": 0.000279742959775246, "550.0": 0.019665907628511763, "1300.0": 0.0009973356838361123, "950.0": 0.0035355763673489147, "3600.0": 0.0003135397519516936, "4000.0": 0.00030301070072923336, "2300.0": 0.0003616347599069441, "2100.0": 0.00036875860715735115, "2000.0": 0.00037924897869030073, "1800.0": 0.0004699756428031428, "4600.0": 0.00028593558602301236, "300.0": 0.03125923522923047, "1100.0": 0.0014837506847659645, "3000.0": 0.0003486689163668367, "350.0": 0.0532091965751217, "800.0": 0.006434293674787623, "700.0": 0.010097229697106046, "2800.0": 0.0003493963475886876, "2500.0": 0.0003314530685004601, "900.0": 0.004426921102995451, "3800.0": 0.00030898476250723356, "2200.0": 0.0003603998541844306, "4400.0": 0.0002908579111221059, "2700.0": 0.0003502726876341805, "2600.0": 0.0003394583257521974, "4200.0": 0.00029776433082506326, "500.0": 0.024811935953784857, "750.0": 0.007946036899689852}, "1%": {"3200.0": 0.0003299544639560811, "600.0": 0.016482316220449954, "2900.0": 0.0003426359113348789, "1600.0": 0.0006238926704031247, "1400.0": 0.0009324446439531504, "1500.0": 0.0007995291716334945, "1900.0": 0.0004050794604957631, "450.0": 0.032810004432875, "2400.0": 0.0003503514243687379, "3400.0": 0.00032381952102502394, "4800.0": 0.00027509535504563574, "400.0": 0.033518865123842834, "850.0": 0.00560649068052812, "650.0": 0.014539927483442244, "1200.0": 0.0011743330442110166, "1000.0": 0.002088387778123171, "1700.0": 0.000527866239940171, "5000.0": 0.0002721339350474425, "550.0": 0.02084307695376445, "1300.0": 0.0010415647877957193, "950.0": 0.0036953409438408827, "3600.0": 0.00030681536616704644, "4000.0": 0.0002976746319667014, "2300.0": 0.00035616390390108153, "2100.0": 0.0003512982249668563, "2000.0": 0.0003538589236206764, "1800.0": 0.0004421539765477686, "4600.0": 0.0002781026059348854, "300.0": 0.0344854274736333, "1100.0": 0.0014850798809491607, "3000.0": 0.0003382567608159042, "350.0": 0.03488261419813344, "800.0": 0.006900624228114337, "700.0": 0.011064771320893242, "2800.0": 0.00034395566264911994, "2500.0": 0.0003336945460419782, "900.0": 0.004746705737828015, "3800.0": 0.00029917303378422825, "2200.0": 0.000349339399256316, "4400.0": 0.00028390770346257564, "2700.0": 0.000346129725661356, "2600.0": 0.0003421768118234023, "4200.0": 0.00028993037494353893, "500.0": 0.025187377854074502, "750.0": 0.00830564685674504}, "5%": {"3200.0": 0.00033408603543921714, "600.0": 0.016797517483044408, "2900.0": 0.0003499230204516065, "1600.0": 0.0006141974442452344, "1400.0": 0.0009036816397095882, "1500.0": 0.000782628132557758, "1900.0": 0.0004070911892345206, "450.0": 0.0326403671948883, "2400.0": 0.0003457775710116556, "3400.0": 0.00032570799097678983, "4800.0": 0.0002757405723053939, "400.0": 0.03787035535357641, "850.0": 0.00551972864073984, "650.0": 0.013655486651759516, "1200.0": 0.0011860506097427378, "1000.0": 0.002142591459312178, "1700.0": 0.0005255477969440206, "5000.0": 0.00027331558488594, "550.0": 0.020999489590089356, "1300.0": 0.0010102184882478133, "950.0": 0.0036572038821006225, "3600.0": 0.00030909563357080737, "4000.0": 0.0003025995364860235, "2300.0": 0.0003536091052167866, "2100.0": 0.0003614551852509607, "2000.0": 0.00036852263041209534, "1800.0": 0.00046742877328950175, "4600.0": 0.0002803191634006978, "300.0": 0.03968106519903993, "1100.0": 0.0014885417002947238, "3000.0": 0.000341451446946809, "350.0": 0.048781365650058174, "800.0": 0.006827898419568655, "700.0": 0.010744985246011017, "2800.0": 0.00035208052274152677, "2500.0": 0.0003282356520749677, "900.0": 0.004681774861539842, "3800.0": 0.00030816478814347685, "2200.0": 0.00035971601602169986, "4400.0": 0.0002849108590043234, "2700.0": 0.0003435175512415683, "2600.0": 0.00034298798030704496, "4200.0": 0.0002969875225653336, "500.0": 0.02652539392250863, "750.0": 0.008162119129969456}}