{"0.1%": {"3200.0": 0.0003124999930150807, "600.0": 0.0057006836868822575, "2900.0": 0.0003427734482102096, "1600.0": 0.0008125000167638063, "1400.0": 0.0009531250107102096, "1500.0": 0.0008359375060535967, "1900.0": 0.0006269531440921128, "450.0": 0.012939453125, "2400.0": 0.0004257812397554517, "3400.0": 0.00029453125898726285, "4800.0": 0.00021718749485444278, "400.0": 0.01708984375, "850.0": 0.0023095703218132257, "650.0": 0.0048583983443677425, "1200.0": 0.0011132812360301614, "1000.0": 0.0013085937825962901, "1700.0": 0.000732421875, "5000.0": 0.00020703124755527824, "550.0": 0.0074462890625, "1300.0": 0.0010000000474974513, "950.0": 0.0016845703357830644, "3600.0": 0.00027578126173466444, "4000.0": 0.00023750000400468707, "2300.0": 0.0004589843738358468, "2100.0": 0.0005351562285795808, "2000.0": 0.0005722656496800482, "1800.0": 0.0006835937383584678, "4600.0": 0.00022343749878928065, "300.0": 0.04140625149011612, "1100.0": 0.001203124993480742, "3000.0": 0.00032812499557621777, "350.0": 0.02309570275247097, "800.0": 0.0025439453311264515, "700.0": 0.0038574219215661287, "2800.0": 0.00035644532181322575, "2500.0": 0.00039257813477888703, "900.0": 0.0019335937686264517, "3800.0": 0.0002585937618277967, "2200.0": 0.0004951172159053385, "4400.0": 0.00022812500537838787, "2700.0": 0.00036816406645812094, "2600.0": 0.0003808593610301614, "4200.0": 0.00023281249741557986, "500.0": 0.009814453311264515, "750.0": 0.002934570424258709}, "2%": {"3200.0": 0.0003078125009778887, "600.0": 0.005871581844985485, "2900.0": 0.000337890611262992, "1600.0": 0.0007910156273283064, "1400.0": 0.000958984368480742, "1500.0": 0.0008398437639698386, "1900.0": 0.0006142578204162419, "450.0": 0.01333007775247097, "2400.0": 0.0004267578187864274, "3400.0": 0.0002929687616415322, "4800.0": 0.00022031250409781933, "400.0": 0.01835937425494194, "850.0": 0.002558593638241291, "650.0": 0.00494384765625, "1200.0": 0.0011718750465661287, "1000.0": 0.0015356445219367743, "1700.0": 0.0007089843857102096, "5000.0": 0.00020937499357387424, "550.0": 0.007519531063735485, "1300.0": 0.0010195312788709998, "950.0": 0.0018994141137227416, "3600.0": 0.00027656249585561454, "4000.0": 0.00024140624736901373, "2300.0": 0.00045703124487772584, "2100.0": 0.0005292968708090484, "2000.0": 0.0005683593917638063, "1800.0": 0.0006660156068392098, "4600.0": 0.00022656249348074198, "300.0": 0.04414062574505806, "1100.0": 0.0013164062984287739, "3000.0": 0.0003226562403142452, "350.0": 0.02714843675494194, "800.0": 0.0029003906529396772, "700.0": 0.0040527344681322575, "2800.0": 0.0003535156138241291, "2500.0": 0.00039746094262227416, "900.0": 0.0022265624720603228, "3800.0": 0.00026093749329447746, "2200.0": 0.0004902343498542905, "4400.0": 0.00023203124874271452, "2700.0": 0.00036816406645812094, "2600.0": 0.0003828124899882823, "4200.0": 0.00023671875533182174, "500.0": 0.009838867001235485, "750.0": 0.0031835937406867743}, "10%": {"3200.0": 0.00031406249036081135, "600.0": 0.0059570311568677425, "2900.0": 0.0003447265480645001, "1600.0": 0.0007871093694120646, "1400.0": 0.0009628906263969839, "1500.0": 0.000845703121740371, "1900.0": 0.0006171875284053385, "450.0": 0.01210937462747097, "2400.0": 0.00043359375558793545, "3400.0": 0.00029921875102445483, "4800.0": 0.00023046875139698386, "400.0": 0.01865234412252903, "850.0": 0.0025732421781867743, "650.0": 0.004992675967514515, "1200.0": 0.0011953124776482582, "1000.0": 0.001625976525247097, "1700.0": 0.0007070312276482582, "5000.0": 0.00022031250409781933, "550.0": 0.0074462890625, "1300.0": 0.0010390625102445483, "950.0": 0.0019531249999999998, "3600.0": 0.00028359374846331775, "4000.0": 0.00025078124599531293, "2300.0": 0.00046289063175208867, "2100.0": 0.0005332031287252903, "2000.0": 0.0005722656496800482, "1800.0": 0.0006660156068392098, "4600.0": 0.0002359375066589564, "300.0": 0.02109375037252903, "1100.0": 0.0013671874767169356, "3000.0": 0.00032812499557621777, "350.0": 0.02714843675494194, "800.0": 0.0029296875, "700.0": 0.0040527344681322575, "2800.0": 0.00035937500069849193, "2500.0": 0.00040625000838190317, "900.0": 0.0022558593191206455, "3800.0": 0.00026953124324791133, "2200.0": 0.0004960937658324838, "4400.0": 0.00024140624736901373, "2700.0": 0.000375000003259629, "2600.0": 0.0003906250058207661, "4200.0": 0.00024609375395812094, "500.0": 0.009594726376235485, "750.0": 0.003300781361758709}, "1%": {"3200.0": 0.00030859376420266926, "600.0": 0.0057617188431322575, "2900.0": 0.000337890611262992, "1600.0": 0.0007929687271825969, "1400.0": 0.000958984368480742, "1500.0": 0.0008398437639698386, "1900.0": 0.0006152343703433871, "450.0": 0.013232422061264515, "2400.0": 0.00042480468982830644, "3400.0": 0.0002929687616415322, "4800.0": 0.00021914062381256372, "400.0": 0.01801757887005806, "850.0": 0.002524414099752903, "650.0": 0.004956054501235485, "1200.0": 0.001167968730442226, "1000.0": 0.0015136718284338713, "1700.0": 0.0007109374855645001, "5000.0": 0.00020781249622814357, "550.0": 0.0074462890625, "1300.0": 0.001011718763038516, "950.0": 0.0018847655737772584, "3600.0": 0.00027578126173466444, "4000.0": 0.00024140624736901373, "2300.0": 0.0004560546949505806, "2100.0": 0.0005292968708090484, "2000.0": 0.0005683593917638063, "1800.0": 0.0006660156068392098, "4600.0": 0.0002253906277474016, "300.0": 0.04501952975988388, "1100.0": 0.0013046874664723873, "3000.0": 0.0003234375035390258, "350.0": 0.02597656287252903, "800.0": 0.002851562574505806, "700.0": 0.004023437388241291, "2800.0": 0.00035253906389698386, "2500.0": 0.000394531263737008, "900.0": 0.002202148549258709, "3800.0": 0.00026093749329447746, "2200.0": 0.0004902343498542905, "4400.0": 0.0002312500000698492, "2700.0": 0.00036718748742714524, "2600.0": 0.0003808593610301614, "4200.0": 0.00023671875533182174, "500.0": 0.009716796688735485, "750.0": 0.0031542968936264515}, "5%": {"3200.0": 0.0003101562615483999, "600.0": 0.006030273623764515, "2900.0": 0.00034082031925208867, "1600.0": 0.000789062527474016, "1400.0": 0.0009609375265426934, "1500.0": 0.0008437500218860805, "1900.0": 0.0006152343703433871, "450.0": 0.01320800743997097, "2400.0": 0.00042968749767169356, "3400.0": 0.00029531249310821295, "4800.0": 0.00022343749878928065, "400.0": 0.01904296875, "850.0": 0.002568359486758709, "650.0": 0.0049804686568677425, "1200.0": 0.0011796874459832907, "1000.0": 0.0015722656389698386, "1700.0": 0.0007070312276482582, "5000.0": 0.00021328125149011612, "550.0": 0.007617187686264515, "1300.0": 0.0010273437947034836, "950.0": 0.0019238281529396772, "3600.0": 0.00027890625642612576, "4000.0": 0.0002453124907333404, "2300.0": 0.000459960923762992, "2100.0": 0.0005302734207361937, "2000.0": 0.0005703124916180968, "1800.0": 0.0006660156068392098, "4600.0": 0.00022968750272411853, "300.0": 0.03330077975988388, "1100.0": 0.0013359375298023224, "3000.0": 0.0003242187376599759, "350.0": 0.02871093712747097, "800.0": 0.0029052733443677425, "700.0": 0.004082031082361937, "2800.0": 0.00035546874278225005, "2500.0": 0.00040136720053851604, "900.0": 0.0022509766276925802, "3800.0": 0.0002640624879859388, "2200.0": 0.0004921875079162419, "4400.0": 0.00023515624343417585, "2700.0": 0.0003710937453433871, "2600.0": 0.0003867187479045242, "4200.0": 0.0002406249986961484, "500.0": 0.010009765625, "750.0": 0.0032470703590661287}}