{"0.1%": {"3200.0": 0.0003500098344866722, "600.0": 0.04197170283180824, "2900.0": 0.00036308261347610204, "1600.0": 0.0009056424103325812, "1400.0": 0.0015304755565619607, "1500.0": 0.0011540048881860966, "1900.0": 0.0004967541260879858, "450.0": 0.08485573916309197, "2400.0": 0.00037650094304074347, "3400.0": 0.00034013882556454503, "4800.0": 0.00027794054350351223, "400.0": 0.06562754688416654, "850.0": 0.014584116986357504, "650.0": 0.03936388218060089, "1200.0": 0.0021788213152634417, "1000.0": 0.004531910918221028, "1700.0": 0.000714582711807292, "5000.0": 0.0002748823941996382, "550.0": 0.05473465859781835, "1300.0": 0.0018587632233415137, "950.0": 0.008860060817228479, "3600.0": 0.00031443826119355854, "4000.0": 0.0002956289313753283, "2300.0": 0.0003794502149719362, "2100.0": 0.0004150721170495099, "2000.0": 0.0004261493240094458, "1800.0": 0.0005648983168456735, "4600.0": 0.00028141011514603393, "300.0": 0.06885825819263763, "1100.0": 0.0029119798083369333, "3000.0": 0.0003576500009492934, "350.0": 0.061552737044731645, "800.0": 0.018472662948955276, "700.0": 0.0332665458254576, "2800.0": 0.00036117010831628374, "2500.0": 0.00035042843387297386, "900.0": 0.012656264083227437, "3800.0": 0.0003047941515354714, "2200.0": 0.00040513813698743613, "4400.0": 0.00028742958570964264, "2700.0": 0.0003632516557376944, "2600.0": 0.00035534826588925057, "4200.0": 0.00029227945692696274, "500.0": 0.05508118284736847, "750.0": 0.026981962970236386}, "2%": {"3200.0": 0.0003477703118733704, "600.0": 0.0457068371911469, "2900.0": 0.00036522578109556876, "1600.0": 0.0007934307485312497, "1400.0": 0.0013381129735731863, "1500.0": 0.0010771440076700728, "1900.0": 0.00046584894034692244, "450.0": 0.06992529746600255, "2400.0": 0.0003728158178936719, "3400.0": 0.00032854158481534715, "4800.0": 0.00028386030329568987, "400.0": 0.06410554169185986, "850.0": 0.016116679316180303, "650.0": 0.03976064412753007, "1200.0": 0.0020730954912622874, "1000.0": 0.005003027069143233, "1700.0": 0.0006804879405536706, "5000.0": 0.00027928271901152935, "550.0": 0.053897173074483155, "1300.0": 0.0016061255796780251, "950.0": 0.009443303026667267, "3600.0": 0.0003130672270316901, "4000.0": 0.0003011900191404677, "2300.0": 0.0003908359527228782, "2100.0": 0.0004055811411643388, "2000.0": 0.00040705278993286655, "1800.0": 0.0005398177068321464, "4600.0": 0.0002862808672529088, "300.0": 0.07344226410180467, "1100.0": 0.0029806073689523983, "3000.0": 0.00035766316194619233, "350.0": 0.06890279295893172, "800.0": 0.020671264244317394, "700.0": 0.03187411942461598, "2800.0": 0.00036326138582783434, "2500.0": 0.00035204141574192693, "900.0": 0.0127630228552765, "3800.0": 0.0003064810038606425, "2200.0": 0.0003874249913119825, "4400.0": 0.000287904414864412, "2700.0": 0.00036182712902714693, "2600.0": 0.00035790252471859106, "4200.0": 0.00029411955731412423, "500.0": 0.06386892391266469, "750.0": 0.025069161690827343}, "10%": {"3200.0": 0.00034813912246343704, "600.0": 0.049244496829939415, "2900.0": 0.0003651836467205487, "1600.0": 0.0007968599556352523, "1400.0": 0.001299663881249838, "1500.0": 0.0010389624863698388, "1900.0": 0.000495893747681046, "450.0": 0.07550244069058537, "2400.0": 0.00037551684545411465, "3400.0": 0.0003407932417792148, "4800.0": 0.0002853438519452114, "400.0": 0.07674260198952695, "850.0": 0.015587346945449726, "650.0": 0.04046105043674917, "1200.0": 0.002087538058553251, "1000.0": 0.0051926055368606405, "1700.0": 0.0006606066759671948, "5000.0": 0.00028531018857862964, "550.0": 0.0580880550576003, "1300.0": 0.0015775102562409404, "950.0": 0.00921380560114783, "3600.0": 0.0003273081587155611, "4000.0": 0.0003097498877411905, "2300.0": 0.00039703617551419207, "2100.0": 0.00042245269440916616, "2000.0": 0.00043920822127386486, "1800.0": 0.00055505292242688, "4600.0": 0.0002940505581650639, "300.0": 0.10377176236037906, "1100.0": 0.0030983652882117766, "3000.0": 0.0003646106596885633, "350.0": 0.10517709877855311, "800.0": 0.02030172305484257, "700.0": 0.032658927250801245, "2800.0": 0.0003731027835764001, "2500.0": 0.00035312643256642907, "900.0": 0.012304121587128318, "3800.0": 0.00031592896265597126, "2200.0": 0.0003999223839862199, "4400.0": 0.00029970476124837486, "2700.0": 0.00036486879264773864, "2600.0": 0.000367072110592434, "4200.0": 0.00030264168519228635, "500.0": 0.06909513308874352, "750.0": 0.025714552513438835}, "1%": {"3200.0": 0.00034282345288341476, "600.0": 0.044680812156781366, "2900.0": 0.0003595741382766943, "1600.0": 0.0008048589008772134, "1400.0": 0.0013705461041819483, "1500.0": 0.0010769453545895246, "1900.0": 0.00046102798303327016, "450.0": 0.07055609805837947, "2400.0": 0.00037213917094582055, "3400.0": 0.0003336504155339977, "4800.0": 0.0002783279667386939, "400.0": 0.06437534199003844, "850.0": 0.015968344865631097, "650.0": 0.039727229771207705, "1200.0": 0.002045061468090757, "1000.0": 0.005031116213921001, "1700.0": 0.0006827660884734105, "5000.0": 0.00027502259592101385, "550.0": 0.053400546201150215, "1300.0": 0.0016031601652837437, "950.0": 0.009409635315578225, "3600.0": 0.0003173843364722283, "4000.0": 0.00030055510639699683, "2300.0": 0.0003888396394959969, "2100.0": 0.00040197978981297756, "2000.0": 0.00040089842351159115, "1800.0": 0.0005250611298393198, "4600.0": 0.00028698111444649114, "300.0": 0.06989872573540253, "1100.0": 0.0030448648938710657, "3000.0": 0.00035200398175893135, "350.0": 0.06533575995162137, "800.0": 0.020313701586734303, "700.0": 0.03193668156435304, "2800.0": 0.0003675200930637606, "2500.0": 0.00035094592395403624, "900.0": 0.01271422281443798, "3800.0": 0.00030561401676201696, "2200.0": 0.0003856242298614273, "4400.0": 0.00028844211961109655, "2700.0": 0.00036080554797489876, "2600.0": 0.0003632407591814251, "4200.0": 0.00029490380592589064, "500.0": 0.06254222231062471, "750.0": 0.024828012184259163}, "5%": {"3200.0": 0.0003509024984726076, "600.0": 0.04761360557229775, "2900.0": 0.00036768959945215614, "1600.0": 0.0007933828894481135, "1400.0": 0.0013367086688133396, "1500.0": 0.001051438611984115, "1900.0": 0.0004843761785362247, "450.0": 0.07196121832551962, "2400.0": 0.00037276325047107717, "3400.0": 0.00033222019190732455, "4800.0": 0.00027929175521824247, "400.0": 0.06903336916826534, "850.0": 0.015982881833676826, "650.0": 0.040113214765258504, "1200.0": 0.0021196462473805845, "1000.0": 0.0051318694557984145, "1700.0": 0.0006689180379565435, "5000.0": 0.0002803113985208833, "550.0": 0.056299525688894764, "1300.0": 0.0015950294198722097, "950.0": 0.00939114197527659, "3600.0": 0.00032212530234657235, "4000.0": 0.0003087953899805986, "2300.0": 0.0003859745984438101, "2100.0": 0.00040386230347538534, "2000.0": 0.00041900617056987195, "1800.0": 0.0005519662370299573, "4600.0": 0.00028326321211203515, "300.0": 0.08765500960531862, "1100.0": 0.00305509064828606, "3000.0": 0.0003605547084194952, "350.0": 0.08196239999080014, "800.0": 0.02062768766892881, "700.0": 0.03233452438216897, "2800.0": 0.0003650672837181238, "2500.0": 0.0003506602982407335, "900.0": 0.012652730501714103, "3800.0": 0.0003101785979066381, "2200.0": 0.0003928093211784647, "4400.0": 0.00029434811281835686, "2700.0": 0.00036348162256541055, "2600.0": 0.0003587957141029104, "4200.0": 0.00029704199491124795, "500.0": 0.06611294947478809, "750.0": 0.025416392789512514}}