{"3200.0": {"exp-2": 0.00015390625048894435, "exp-1": 0.0002116210962412879, "exp+2": 0.0006556347361765802, "exp+1": 0.0004575008642859757, "exp0": 0.0003078125009778887, "obs": 0.00033093715241283214}, "600.0": {"exp-2": 0.0031651495955884457, "exp-1": 0.004222349729388952, "exp+2": 0.01105467975139618, "exp+1": 0.008223721757531166, "exp0": 0.005871581844985485, "obs": 0.016725991504408254}, "180.0": {"exp-2": 0.019542694091796875, "exp-1": 0.029426097869873047, "exp+2": 0.09848388284444809, "exp+1": 0.06968234479427338, "exp0": 0.0458984375, "obs": 0.04286377690027867}, "1900.0": {"exp-2": 0.0003167266841046512, "exp-1": 0.0004306253104005009, "exp+2": 0.001235836185514927, "exp+1": 0.0008872608887031674, "exp0": 0.0006142578204162419, "obs": 0.0004001838406860461}, "2900.0": {"exp-2": 0.00017026519344653934, "exp-1": 0.0002331247233087197, "exp+2": 0.000712966313585639, "exp+1": 0.0004995121853426099, "exp0": 0.000337890611262992, "obs": 0.0003431959814529797}, "200.0": {"exp-2": 0.0066741942428052425, "exp-1": 0.012204158119857311, "exp+2": 0.07213400304317474, "exp+1": 0.04463500529527664, "exp0": 0.02373046800494194, "obs": 0.022047995659057327}, "1400.0": {"exp-2": 0.0005019683740101755, "exp-1": 0.0006769198225811124, "exp+2": 0.0018833030480891466, "exp+1": 0.001369908801279962, "exp0": 0.000958984368480742, "obs": 0.0009205479831774269}, "900.0": {"exp-2": 0.0011828612769022584, "exp-1": 0.0015905570471659303, "exp+2": 0.004267492797225714, "exp+1": 0.003145142924040556, "exp0": 0.0022265624720603228, "obs": 0.004766738316150931}, "140.0": {"exp-2": 0.04091491550207138, "exp-1": 0.05681414529681206, "exp+2": 0.2083398550748825, "exp+1": 0.13437452912330627, "exp0": 0.08515624701976776, "obs": 0.07335764205302331}, "450.0": {"exp-2": 0.007237815763801336, "exp-1": 0.009617605246603489, "exp+2": 0.0248479675501585, "exp+1": 0.018590370193123817, "exp0": 0.01333007775247097, "obs": 0.03296531014926127}, "250.0": {"exp-2": 0.0185394287109375, "exp-1": 0.030828237533569336, "exp+2": 0.12581592798233032, "exp+1": 0.08573600649833679, "exp0": 0.052734375, "obs": 0.018207047380345696}, "2400.0": {"exp-2": 0.00021671295689884573, "exp-1": 0.00029712074319832027, "exp+2": 0.0008806391851976514, "exp+1": 0.0006240825168788433, "exp0": 0.0004267578187864274, "obs": 0.0003513703468317956}, "3400.0": {"exp-2": 0.00014533997455146164, "exp-1": 0.0002007007715292275, "exp+2": 0.0006266864365898073, "exp+1": 0.0004354386474005878, "exp0": 0.0002929687616415322, "obs": 0.00031874597777081884}, "1700.0": {"exp-2": 0.0003683395334519446, "exp-1": 0.0004987426218576729, "exp+2": 0.001412591547705233, "exp+1": 0.0010198489762842655, "exp0": 0.0007089843857102096, "obs": 0.0005329639875163059}, "400.0": {"exp-2": 0.010040283203125, "exp-1": 0.013289928436279297, "exp+2": 0.03410802781581879, "exp+1": 0.02556772716343403, "exp0": 0.01835937425494194, "obs": 0.034547098199800244}, "850.0": {"exp-2": 0.0013592528412118554, "exp-1": 0.0018277453491464257, "exp+2": 0.0048805177211761475, "exp+1": 0.003603956662118435, "exp0": 0.002558593638241291, "obs": 0.005666796056427837}, "650.0": {"exp-2": 0.0026650428771972656, "exp-1": 0.0035373978316783905, "exp+2": 0.009330770932137966, "exp+1": 0.006934192962944508, "exp0": 0.00494384765625, "obs": 0.014181022373302148}, "1200.0": {"exp-2": 0.00061798095703125, "exp-1": 0.000830018543638289, "exp+2": 0.0022887438535690308, "exp+1": 0.0016716874670237303, "exp0": 0.0011718750465661287, "obs": 0.001168656260249126}, "1000.0": {"exp-2": 0.0008098125690594316, "exp-1": 0.0010933406883850694, "exp+2": 0.0029784413054585457, "exp+1": 0.0021814252249896526, "exp0": 0.0015356445219367743, "obs": 0.002113630281524928}, "160.0": {"exp-2": 0.025086212903261185, "exp-1": 0.03443669155240059, "exp+2": 0.0961858332157135, "exp+1": 0.07012766599655151, "exp0": 0.04902343824505806, "obs": 0.08034204856813966}, "120.0": {"exp-2": 0.04375305026769638, "exp-1": 0.0619419664144516, "exp+2": 0.279151976108551, "exp+1": 0.16075697541236877, "exp0": 0.09492187201976776, "obs": 0.18114644210915504}, "125.0": {"exp-2": 0.012673188000917435, "exp-1": 0.019856411963701248, "exp+2": 0.09163016825914383, "exp+1": 0.05659431964159012, "exp0": 0.03310547024011612, "obs": 0.029800942043440717}, "5000.0": {"exp-2": 9.978027082979679e-05, "exp-1": 0.00014002207899466157, "exp+2": 0.0004840684123337269, "exp+1": 0.0003228775458410382, "exp0": 0.00020937499357387424, "obs": 0.00027158123638774294}, "4800.0": {"exp-2": 0.00010585327254375443, "exp-1": 0.00014788127737119794, "exp+2": 0.0005015737842768431, "exp+1": 0.0003371097845956683, "exp0": 0.00022031250409781933, "obs": 0.0002791458056146411}, "550.0": {"exp-2": 0.0040534972213208675, "exp-1": 0.005407416727393866, "exp+2": 0.014098525047302246, "exp+1": 0.010516848415136337, "exp0": 0.007519531063735485, "obs": 0.020979011396968446}, "700.0": {"exp-2": 0.002168846083804965, "exp-1": 0.0029047399293631315, "exp+2": 0.007674043066799641, "exp+1": 0.005692403297871351, "exp0": 0.0040527344681322575, "obs": 0.01103710017440145}, "950.0": {"exp-2": 0.001009063795208931, "exp-1": 0.0013568568974733353, "exp+2": 0.0036491176579147577, "exp+1": 0.0026868132408708334, "exp0": 0.0018994141137227416, "obs": 0.0036998943552511375}, "3600.0": {"exp-2": 0.00013720092829316854, "exp-1": 0.0001883727527456358, "exp+2": 0.0005958970868960023, "exp+1": 0.0004127076535951346, "exp0": 0.00027656249585561454, "obs": 0.0003047736513167562}, "4000.0": {"exp-2": 0.00011787414405262098, "exp-1": 0.00016419868916273117, "exp+2": 0.0005312857683748007, "exp+1": 0.00036457498208619654, "exp0": 0.00024140624736901373, "obs": 0.0002939730429229371}, "2300.0": {"exp-2": 0.00023387145483866334, "exp-1": 0.0003175563761033118, "exp+2": 0.000939724559430033, "exp+1": 0.0006674429168924689, "exp0": 0.00045703124487772584, "obs": 0.00035245272464809045}, "1600.0": {"exp-2": 0.00041404724470339715, "exp-1": 0.0005583554739132524, "exp+2": 0.0015665235696360469, "exp+1": 0.0011346950195729733, "exp0": 0.0007910156273283064, "obs": 0.0006252933510430358}, "2200.0": {"exp-2": 0.00025086209643632174, "exp-1": 0.0003424967871978879, "exp+2": 0.0010022263741120696, "exp+1": 0.0007139782537706196, "exp0": 0.0004902343498542905, "obs": 0.00035787812968479855}, "2000.0": {"exp-2": 0.00029306032229214907, "exp-1": 0.0003984482609666884, "exp+2": 0.0011477622902020812, "exp+1": 0.0008220959571190178, "exp0": 0.0005683593917638063, "obs": 0.00035993760236519023}, "1800.0": {"exp-2": 0.00034601593506522477, "exp-1": 0.00046851582010276616, "exp+2": 0.0013320120051503181, "exp+1": 0.0009593673166818917, "exp0": 0.0006660156068392098, "obs": 0.0004486616135557129}, "4600.0": {"exp-2": 0.0001097412095987238, "exp-1": 0.0001526365231256932, "exp+2": 0.0005101849674247205, "exp+1": 0.0003448670031502843, "exp0": 0.00022656249348074198, "obs": 0.0002778000982530886}, "300.0": {"exp-2": 0.02379455603659153, "exp-1": 0.03190119192004204, "exp+2": 0.08189783990383148, "exp+1": 0.06147134676575661, "exp0": 0.04414062574505806, "obs": 0.03785155745047233}, "2100.0": {"exp-2": 0.0002729186962824315, "exp-1": 0.00036906052264384925, "exp+2": 0.0010743401944637299, "exp+1": 0.0007677042740397155, "exp0": 0.0005292968708090484, "obs": 0.0003544646172164408}, "1100.0": {"exp-2": 0.0006941986503079534, "exp-1": 0.0009323875419795513, "exp+2": 0.0025671764742583036, "exp+1": 0.0018752386095002294, "exp0": 0.0013164062984287739, "obs": 0.0014866910457806402}, "3000.0": {"exp-2": 0.0001613281201571226, "exp-1": 0.0002218261652160436, "exp+2": 0.0006826792377978563, "exp+1": 0.00047763390466570854, "exp0": 0.0003226562403142452, "obs": 0.00033766978106492787}, "350.0": {"exp-2": 0.01474075298756361, "exp-1": 0.019587503746151924, "exp+2": 0.050436343997716904, "exp+1": 0.03780759871006012, "exp0": 0.02714843675494194, "obs": 0.03928263965545958}, "800.0": {"exp-2": 0.0015408325707539916, "exp-1": 0.0020719098392874002, "exp+2": 0.005527872126549482,