{"3200.0": {"exp-2": 0.0001586056653431055, "exp-1": 0.00021808278984677005, "exp+2": 0.0006743192944977861, "exp+1": 0.00047083812541677203, "exp0": 0.000317211330686211, "obs": 0.0003477703118733704}, "600.0": {"exp-2": 0.011683273715733307, "exp-1": 0.015585635294244771, "exp+2": 0.04070114001218989, "exp+1": 0.03035559223968166, "exp0": 0.021673319356722655, "obs": 0.0457068371911469}, "180.0": {"exp-2": 0.015447894600671079, "exp-1": 0.0262037267025865, "exp+2": 0.14573086496185425, "exp+1": 0.08763619754602817, "exp0": 0.048227573387460934, "obs": 0.1585667281084502}, "1900.0": {"exp-2": 0.00036874711966675665, "exp-1": 0.0004966302842880284, "exp+2": 0.0014257835281703145, "exp+1": 0.0010252212515318225, "exp0": 0.0007097688919901481, "obs": 0.00046584894034692244}, "2900.0": {"exp-2": 0.0001757313253622108, "exp-1": 0.00024163057237303984, "exp+2": 0.0007401127233899323, "exp+1": 0.0005188756035843028, "exp0": 0.0003514626507244216, "obs": 0.00036522578109556876}, "200.0": {"exp-2": 0.019131774650690457, "exp-1": 0.033457610717253145, "exp+2": 0.1908661026649905, "exp+1": 0.11560254551552097, "exp0": 0.06279146552021483, "obs": 0.17231591536295265}, "1400.0": {"exp-2": 0.0007122926382089769, "exp-1": 0.0009605485495437054, "exp+2": 0.002668119682313607, "exp+1": 0.001943899150005686, "exp0": 0.001360797875981329, "obs": 0.0013381129735731863}, "900.0": {"exp-2": 0.0028283094330486327, "exp-1": 0.003803140349770358, "exp+2": 0.010138322440925348, "exp+1": 0.0074990492987013265, "exp0": 0.00532387657985625, "obs": 0.0127630228552765}, "140.0": {"exp-2": 0.04224035592910547, "exp-1": 0.07485690983511896, "exp+2": 0.3822276975021429, "exp+1": 0.2539206279786373, "exp0": 0.12573873392850002, "obs": 0.7694537370753286}, "450.0": {"exp-2": 0.025367456593225198, "exp-1": 0.033840508784123556, "exp+2": 0.08768164088816355, "exp+1": 0.06562860144856568, "exp0": 0.047058470201925, "obs": 0.06992529746600255}, "250.0": {"exp-2": 0.04476285507989685, "exp-1": 0.07406245485535921, "exp+2": 0.29336075718332283, "exp+1": 0.20101721449775697, "exp0": 0.12455750978753906, "obs": 0.08683427983342744}, "2400.0": {"exp-2": 0.00023235109970223746, "exp-1": 0.00031856117719993065, "exp+2": 0.0009427760702356345, "exp+1": 0.0006691167196180718, "exp0": 0.0004575529347982522, "obs": 0.0003728158178936719}, "3400.0": {"exp-2": 0.0001490087337441511, "exp-1": 0.00020576698173527955, "exp+2": 0.000641593640614572, "exp+1": 0.00044643024947898873, "exp0": 0.0003003640617204936, "obs": 0.00032854158481534715}, "1700.0": {"exp-2": 0.0004537175901362594, "exp-1": 0.0006086249016939748, "exp+2": 0.001721828758049367, "exp+1": 0.001245139027476133, "exp0": 0.0008668037542901672, "obs": 0.0006804879405536706}, "400.0": {"exp-2": 0.032457999192222656, "exp-1": 0.04329938252748724, "exp+2": 0.1121414307716736, "exp+1": 0.08397267217801775, "exp0": 0.06021194053049999, "obs": 0.06410554169185986}, "850.0": {"exp-2": 0.003495604571466065, "exp-1": 0.004700431514756299, "exp+2": 0.012500165839842751, "exp+1": 0.009255218250787072, "exp0": 0.006579961546289063, "obs": 0.016116679316180303}, "650.0": {"exp-2": 0.008969067074381724, "exp-1": 0.012012289536321235, "exp+2": 0.03152739501734286, "exp+1": 0.023473614186834933, "exp0": 0.016759716576946873, "obs": 0.03976064412753007}, "1200.0": {"exp-2": 0.0010326399883190274, "exp-1": 0.0013869526324592771, "exp+2": 0.00381301870966737, "exp+1": 0.0027855675274373656, "exp0": 0.0019581913852568223, "obs": 0.0020730954912622874}, "1000.0": {"exp-2": 0.0017325751994869921, "exp-1": 0.0023177970614460634, "exp+2": 0.006290749448036645, "exp+1": 0.004619792307269004, "exp0": 0.00326131802256375, "obs": 0.005003027069143233}, "160.0": {"exp-2": 0.01933492941524597, "exp-1": 0.032245717411992475, "exp+2": 0.1578958466673111, "exp+1": 0.09862115769126828, "exp0": 0.05689358540578125, "obs": 0.32485365953264406}, "120.0": {"exp-2": 0.0233346868130127, "exp-1": 0.15660834844542162, "exp+2": 1.0680038545962183, "exp+1": 0.5250756599196685, "exp0": 0.35139293083125006, "obs": 2.259490908864454}, "125.0": {"exp-2": 0.06516830652976098, "exp-1": 0.0999570308438127, "exp+2": 0.44294521552285143, "exp+1": 0.27366503682361426, "exp0": 0.1619717133166875, "obs": 0.2375549823639343}, "5000.0": {"exp-2": 0.0001005959065560339, "exp-1": 0.00014116666448130954, "exp+2": 0.00048802536154417476, "exp+1": 0.00032551687616340336, "exp0": 0.0002110864924454482, "obs": 0.00027928271901152935}, "4800.0": {"exp-2": 0.00010682681698531027, "exp-1": 0.00014924135409009152, "exp+2": 0.0005055308003033364, "exp+1": 0.0003402102254276125, "exp0": 0.00022233874104259695, "obs": 0.00028386030329568987}, "550.0": {"exp-2": 0.015053598785950379, "exp-1": 0.02008169167754386, "exp+2": 0.05229619738902257, "exp+1": 0.03900109025157751, "exp0": 0.02792551658842969, "obs": 0.053897173074483155}, "700.0": {"exp-2": 0.006977319583219299, "exp-1": 0.009344738123374113, "exp+2": 0.02460709970954109, "exp+1": 0.018286847156249956, "exp0": 0.013037911046015625, "obs": 0.03187411942461598}, "950.0": {"exp-2": 0.002268941771053125, "exp-1": 0.0030509759292745606, "exp+2": 0.00816544808364743, "exp+1": 0.006032952580180518, "exp0": 0.0042709492161, "obs": 0.009443303026667267}, "3600.0": {"exp-2": 0.00013999255805540462, "exp-1": 0.00019220557967756987, "exp+2": 0.000607595059613563, "exp+1": 0.0004211050301276479, "exp0": 0.0002821897233242802, "obs": 0.0003130672270316901}, "4000.0": {"exp-2": 0.00011964066619104914, "exp-1": 0.00016665944800413145, "exp+2": 0.0005389798847220783, "exp+1": 0.0003695503498232959, "exp0": 0.00024502408435926864, "obs": 0.0003011900191404677}, "2300.0": {"exp-2": 0.0002531044576896916, "exp-1": 0.0003455582269734082, "exp+2": 0.0010154783312428103, "exp+1": 0.0007223317426361332, "exp0": 0.0004946163447981759, "obs": 0.0003908359527228782}, "1600.0": {"exp-2": 0.0005267306076730535, "exp-1": 0.0007103124391020129, "exp+2": 0.001991275956857917, "exp+1": 0.0014435034202696017, "exp0": 0.001006291310181356, "obs": 0.0007934307485312497}, "2200.0": {"exp-2": 0.00027507962308357894, "exp-1": 0.0003755604610718257, "exp+2": 0.0010966390442284219, "exp+1": 0.0007818323079734068, "exp0": 0.0005375601794610397, "obs": 0.0003874249913119825}, "2000.0": {"exp-2": 0.0003306036694470469, "exp-1": 0.0004494926310687477, "exp+2": 0.001295618419589351, "exp+1": 0.0009286908112225669, "exp0": 0.000641170752867, "obs": 0.00040705278993286655}, "1800.0": {"exp-2": 0.0004103147864468297, "exp-1": 0.0005555783683262377, "exp+2": 0.001576039489306022, "exp+1": 0.001136068996717469, "exp0": 0.0007897788370705895, "obs": 0.0005398177068321464}, "4600.0": {"exp-2": 0.00011054277474018132, "exp-1": 0.00015375140468524716, "exp+2": 0.0005150592114994734, "exp+1": 0.00034829564775864917, "exp0": 0.000228217341399084, "obs": 0.0002862808672529088}, "300.0": {"exp-2": 0.06197912194190021, "exp-1": 0.08309497089153538, "exp+2": 0.2132317364592482, "exp+1": 0.16011814454801832, "exp0": 0.11497576244294531, "obs": 0.07344226410180467}, "2100.0": {"exp-2": 0.0003025224985467371, "exp-1": 0.00041131314137166455, "exp+2": 0.0011916185327106523, "exp+1": 0.0008521473227528684, "exp0": 0.0005867103002118538, "obs": 0.0004055811411643388}, "1100.0": {"exp-2": 0.0012938290486265878, "exp-1": 0.001737759166063338, "exp+2": 0.00476582607186307, "exp+1": 0.0034901304227932, "exp0": 0.0024534832329511595, "obs": 0.0029806073689523983}, "3000.0": {"exp-2": 0.0001667896781166, "exp-1": 0.00022933580741032496, "exp+2": 0.0007056768412530162, "exp+1": 0.0004944684221894109, "exp0": 0.0003335793562332, "obs": 0.00035766316194619233}, "350.0": {"exp-2": 0.042501807663904025, "exp-1": 0.05647637909116564, "exp+2": 0.14481955866774493, "exp+1": 0.1086981119863302, "exp0": 0.07827671051769375, "obs": 0.06890279295893172}, "800.0": {"exp-2": 0.004291872932915772, "exp-1": 0.005771148989757145, "exp+2": 0.015321808812248204, "exp+1": 0.011363477086903944, "exp0": 0.008078819638429689,