{"3200.0": {"exp-2": 0.0003937500005122274, "exp-1": 0.0005460937391035259, "exp+2": 0.0018109724624082446, "exp+1": 0.0012177372118458152, "exp0": 0.0007999999797903001, "obs": 0.0011904337558182152}, "600.0": {"exp-2": 0.014055633917450905, "exp-1": 0.018750393763184547, "exp+2": 0.04916946217417717, "exp+1": 0.0365714468061924, "exp0": 0.02607421949505806, "obs": 0.03199911378291341}, "180.0": {"exp-2": 0.014404296875, "exp-1": 0.025049973279237747, "exp+2": 0.1401098221540451, "exp+1": 0.08430993556976318, "exp0": 0.04609375074505806, "obs": 0.1772947236827212}, "1900.0": {"exp-2": 0.0010918579064309597, "exp-1": 0.0014724039938300848, "exp+2": 0.004194054752588272, "exp+1": 0.0030088620260357857, "exp0": 0.0020859374199062586, "obs": 0.002055520097044083}, "2900.0": {"exp-2": 0.0004302063025534153, "exp-1": 0.0005940742557868361, "exp+2": 0.0019209010060876608, "exp+1": 0.001306181657128036, "exp0": 0.0008671875111758709, "obs": 0.0012426023890309257}, "200.0": {"exp-2": 0.02527465857565403, "exp-1": 0.043291524052619934, "exp+2": 0.22592151165008545, "exp+1": 0.14023837447166443, "exp0": 0.07890625298023224, "obs": 0.2613380738797095}, "1400.0": {"exp-2": 0.002295165788382292, "exp-1": 0.0030704170931130648, "exp+2": 0.008366714231669903, "exp+1": 0.006128511857241392, "exp0": 0.004320312291383743, "obs": 0.0050995285867877745}, "900.0": {"exp-2": 0.0053515625186264515, "exp-1": 0.0071673584170639515, "exp+2": 0.019029242917895317, "exp+1": 0.014065762981772423, "exp0": 0.009999999776482582, "obs": 0.02221496414115653}, "140.0": {"exp-2": 0.06586609035730362, "exp-1": 0.09647214412689209, "exp+2": 0.3625633418560028, "exp+1": 0.2443855255842209, "exp0": 0.14921875298023224, "obs": 0.2982517584422763}, "450.0": {"exp-2": 0.02653198316693306, "exp-1": 0.03539400175213814, "exp+2": 0.091825470328331, "exp+1": 0.06864137202501297, "exp0": 0.04921875149011612, "obs": 0.055202689817909587}, "250.0": {"exp-2": 0.06785888224840164, "exp-1": 0.10289239138364792, "exp+2": 0.3379348814487457, "exp+1": 0.24037262797355652, "exp0": 0.15937499701976776, "obs": 0.14883543374722324}, "2400.0": {"exp-2": 0.0006228637648746371, "exp-1": 0.0008492508204653859, "exp+2": 0.0025993387680500746, "exp+1": 0.0018132582772523165, "exp0": 0.0012265625409781933, "obs": 0.0013970902992887565}, "3400.0": {"exp-2": 0.0003829834167845547, "exp-1": 0.0005280744517222047, "exp+2": 0.001787587534636259, "exp+1": 0.0011906430590897799, "exp0": 0.0007781250169500709, "obs": 0.0012116973875065523}, "1700.0": {"exp-2": 0.0013085936661809683, "exp-1": 0.0017646788619458675, "exp+2": 0.0049588317051529884, "exp+1": 0.0035861965734511614, "exp0": 0.0024999999441206455, "obs": 0.003387958675044372}, "400.0": {"exp-2": 0.03337555006146431, "exp-1": 0.04452340677380562, "exp+2": 0.11559870094060898, "exp+1": 0.08646988123655319, "exp0": 0.06191406399011611, "obs": 0.05717503981912934}, "850.0": {"exp-2": 0.0061459350399672985, "exp-1": 0.008231263607740402, "exp+2": 0.021869834512472153, "exp+1": 0.016176538541913033, "exp0": 0.011484375223517418, "obs": 0.025108699216583957}, "650.0": {"exp-2": 0.011449813842773438, "exp-1": 0.015274196863174438, "exp+2": 0.040151502937078476, "exp+1": 0.029833680018782616, "exp0": 0.021240234375, "obs": 0.031030366613473935}, "1200.0": {"exp-2": 0.003077148459851742, "exp-1": 0.004121230915188789, "exp+2": 0.01102975569665432, "exp+1": 0.00812219362705946, "exp0": 0.005750000011175871, "obs": 0.009116341502609362}, "1000.0": {"exp-2": 0.004274978768080473, "exp-1": 0.0057254876010119915, "exp+2": 0.01520109549164772, "exp+1": 0.011236128397285938, "exp0": 0.007988281548023224, "obs": 0.01764207599969652}, "160.0": {"exp-2": 0.01797790452837944, "exp-1": 0.0301939956843853, "exp+2": 0.15253737568855286, "exp+1": 0.09404557943344116, "exp0": 0.05351562425494194, "obs": 0.8163068395190576}, "120.0": {"exp-2": 0.07055969536304474, "exp-1": 0.10354705154895782, "exp+2": 0.25743019580841064, "exp+1": 0.19478867948055267, "exp0": 0.14335937798023224, "obs": 0.2080176919614008}, "125.0": {"exp-2": 0.08863525092601776, "exp-1": 0.13175086677074432, "exp+2": 0.6132159233093262, "exp+1": 0.3710627555847168, "exp0": 0.21406249701976776, "obs": 0.5651729494248454}, "5000.0": {"exp-2": 0.0003369140613358468, "exp-1": 0.0004789123486261815, "exp+2": 0.0020993417128920555, "exp+1": 0.0012492518872022629, "exp0": 0.000750000006519258, "obs": 0.0014321250896299207}, "4800.0": {"exp-2": 0.00033991699456237257, "exp-1": 0.0004818895540665835, "exp+2": 0.0020224968902766705, "exp+1": 0.0012240184005349874, "exp0": 0.0007437500171363354, "obs": 0.0013964303419274342}, "550.0": {"exp-2": 0.017108917236328125, "exp-1": 0.0228235125541687, "exp+2": 0.059608567506074905, "exp+1": 0.04438929632306099, "exp0": 0.03173828125, "obs": 0.03894697016254885}, "700.0": {"exp-2": 0.009602050296962261, "exp-1": 0.01280925702303648, "exp+2": 0.033782124519348145, "exp+1": 0.02505464106798172, "exp0": 0.017812499776482582, "obs": 0.028059281828903083}, "950.0": {"exp-2": 0.0048289489932358265, "exp-1": 0.006467421073466539, "exp+2": 0.01721220836043358, "exp+1": 0.01271013729274273, "exp0": 0.009023437276482582, "obs": 0.020087374727107594}, "3600.0": {"exp-2": 0.0003647949197329581, "exp-1": 0.0005073848878964782, "exp+2": 0.0017610426293686032, "exp+1": 0.0011613954557105899, "exp0": 0.0007531250012107193, "obs": 0.0011944959690532058}, "4000.0": {"exp-2": 0.00032614744850434363, "exp-1": 0.0004548854776658118, "exp+2": 0.0016701819840818644, "exp+1": 0.0010744716273620725, "exp0": 0.0006843750015832484, "obs": 0.001275412392211058}, "2300.0": {"exp-2": 0.0006724548293277621, "exp-1": 0.0009168662945739925, "exp+2": 0.0027838179375976324, "exp+1": 0.001947068958543241, "exp0": 0.0013242186978459358, "obs": 0.0015127768134359232}, "1600.0": {"exp-2": 0.00173071282915771, "exp-1": 0.0023153056390583515, "exp+2": 0.006378901656717062, "exp+1": 0.004640798084437847, "exp0": 0.0032578124664723873, "obs": 0.003161700528350268}, "2200.0": {"exp-2": 0.000741592375561595, "exp-1": 0.001006952254101634, "exp+2": 0.0030186334624886513, "exp+1": 0.002125086495652795, "exp0": 0.0014492187183350325, "obs": 0.0016342863753858524}, "2000.0": {"exp-2": 0.000945709238294512, "exp-1": 0.0012736854841932654, "exp+2": 0.0036844974383711815, "exp+1": 0.0026329669635742903, "exp0": 0.0018203124636784196, "obs": 0.001667967350112893}, "1800.0": {"exp-2": 0.001259521464817226, "exp-1": 0.001698503503575921, "exp+2": 0.004787974525243044, "exp+1": 0.0034517142921686172, "exp0": 0.002406249986961484, "obs": 0.0022659709952633274}, "4600.0": {"exp-2": 0.00033850097679533064, "exp-1": 0.0004776754358317703, "exp+2": 0.0019359653815627098, "exp+1": 0.0011910259490832686, "exp0": 0.0007343749748542905, "obs": 0.0013473103889259273}, "300.0": {"exp-2": 0.06506652384996414, "exp-1": 0.08679956942796707, "exp+2": 0.22350731492042542, "exp+1": 0.16761308908462524, "exp0": 0.12070312350988388, "obs": 0.08128186033702303}, "2100.0": {"exp-2": 0.0008358764462172985, "exp-1": 0.001130332937464118, "exp+2": 0.0033271722495555878, "exp+1": 0.002357733203098178, "exp0": 0.0016210937174037099, "obs": 0.0016842960256756526}, "1100.0": {"exp-2": 0.003587219165638089, "exp-1": 0.004804369993507862, "exp+2": 0.012806159444153309, "exp+1": 0.009455176070332527, "exp0": 0.006703124847263098, "obs": 0.01191191118382188}, "3000.0": {"exp-2": 0.00040617675404064357, "exp-1": 0.0005576685070991516, "exp+2": 0.0018296862253919244, "exp+1": 0.001238119089975953, "exp0": 0.000818750006146729, "obs": 0.001200974769082057}, "350.0": {"exp-2": 0.04369201883673668, "exp-1": 0.05805793032050133, "exp+2": 0.14924998581409454, "exp+1": 0.11190243810415268, "exp0": 0.08046875149011612, "obs": 0.06465374062421021}, "800.0": {"exp-2": 0.007023925427347422, "exp-1": 0.009407157078385353, "exp+2": 0.024952251464128494, "exp+1": 0.01848747208714485, "exp0": 0.013124999590218067, "obs": 0.02735902183341194}, "1300.0": {"exp-2": 0.0026064454577863216,