{
    "300.0": {
        "limit_m2": 6.239999999999999,
        "limit_m1": 8.399999999999999,
        "limit_p1": 17.34,
        "limit_p2": 24.64,
        "observed": 11.94,
        "limit": 11.94
    },
    "400.0": {
        "limit_m2": 1.6800000000000002,
        "limit_m1": 2.25,
        "limit_p1": 4.62,
        "limit_p2": 6.470000000000001,
        "observed": 3.2,
        "limit": 3.2
    },
    "500.0": {
        "limit_m2": 0.562,
        "limit_m1": 0.7550000000000001,
        "limit_p1": 1.522,
        "limit_p2": 2.112,
        "observed": 1.062,
        "limit": 1.062
    },
    "600.0": {
        "limit_m2": 0.29400000000000004,
        "limit_m1": 0.394,
        "limit_p1": 0.79,
        "limit_p2": 1.094,
        "observed": 0.554,
        "limit": 0.554
    },
    "700.0": {
        "limit_m2": 0.198,
        "limit_m1": 0.265,
        "limit_p1": 0.531,
        "limit_p2": 0.733,
        "observed": 0.373,
        "limit": 0.373
    },
    "800.0": {
        "limit_m2": 0.139,
        "limit_m1": 0.186,
        "limit_p1": 0.374,
        "limit_p2": 0.514,
        "observed": 0.262,
        "limit": 0.262
    },
    "900.0": {
        "limit_m2": 0.098,
        "limit_m1": 0.131,
        "limit_p1": 0.264,
        "limit_p2": 0.365,
        "observed": 0.185,
        "limit": 0.185
    },
    "1000.0": {
        "limit_m2": 0.08,
        "limit_m1": 0.108,
        "limit_p1": 0.218,
        "limit_p2": 0.301,
        "observed": 0.152,
        "limit": 0.152
    },
    "1100.0": {
        "limit_m2": 0.066,
        "limit_m1": 0.088,
        "limit_p1": 0.179,
        "limit_p2": 0.249,
        "observed": 0.125,
        "limit": 0.125
    },
    "1200.0": {
        "limit_m2": 0.068,
        "limit_m1": 0.092,
        "limit_p1": 0.187,
        "limit_p2": 0.261,
        "observed": 0.13,
        "limit": 0.13
    },
    "1400.0": {
        "limit_m2": 0.09199999999999998,
        "limit_m1": 0.124,
        "limit_p1": 0.255,
        "limit_p2": 0.358,
        "observed": 0.176,
        "limit": 0.176
    },
    "1600.0": {
        "limit_m2": 0.11,
        "limit_m1": 0.149,
        "limit_p1": 0.311,
        "limit_p2": 0.444,
        "observed": 0.213,
        "limit": 0.213
    },
    "1800.0": {
        "limit_m2": 0.116,
        "limit_m1": 0.16000000000000003,
        "limit_p1": 0.34700000000000003,
        "limit_p2": 0.503,
        "observed": 0.232,
        "limit": 0.232
    },
    "2000.0": {
        "limit_m2": 0.12,
        "limit_m1": 0.16899999999999998,
        "limit_p1": 0.385,
        "limit_p2": 0.5680000000000001,
        "observed": 0.253,
        "limit": 0.253
    }
}