{
    "1600.0": {
        "limit_m2": 0.4248401615768671, 
        "limit_m1": 0.59253447689116, 
        "limit_p1": 1.3853944838047028, 
        "limit_p2": 2.089528553187847, 
        "observed": 0.5624414887279272, 
        "limit": 0.8914678357541561
    }, 
    "260.0": {
        "limit_m2": 123.65579605102539, 
        "limit_m1": 172.25252389907837, 
        "limit_p1": 378.4193277359009, 
        "limit_p2": 542.1243190765381, 
        "observed": 288.27459812164307, 
        "limit": 253.2470703125
    }, 
    "1800.0": {
        "limit_m2": 0.31392716336995363, 
        "limit_m1": 0.4458663519471884, 
        "limit_p1": 1.0801296681165695, 
        "limit_p2": 1.6607241705060005, 
        "observed": 0.5374344531446695, 
        "limit": 0.6810623221099377
    }, 
    "3500.0": {
        "limit_m2": 0.08504368597641587, 
        "limit_m1": 0.13597167562693357, 
        "limit_p1": 0.4271838814020157, 
        "limit_p2": 0.717313215136528, 
        "observed": 0.18900124123319983, 
        "limit": 0.23664329200983047
    }, 
    "270.0": {
        "limit_m2": 115.1876449584961, 
        "limit_m1": 164.14239406585693, 
        "limit_p1": 372.0897674560547, 
        "limit_p2": 537.6834869384766, 
        "observed": 247.8113889694214, 
        "limit": 245.733642578125
    }, 
    "400.0": {
        "limit_m2": 66.33529663085938, 
        "limit_m1": 90.82536101341248, 
        "limit_p1": 193.03568601608276, 
        "limit_p2": 272.38078117370605, 
        "observed": 87.44221925735474, 
        "limit": 131.6421389579773
    }, 
    "2200.0": {
        "limit_m2": 0.19688301254063845, 
        "limit_m1": 0.2887524198740721, 
        "limit_p1": 0.7540783379226923, 
        "limit_p2": 1.1935574002563953, 
        "observed": 0.5665113218128681, 
        "limit": 0.45820046216249466
    }, 
    "1300.0": {
        "limit_m2": 0.7432148326188326, 
        "limit_m1": 1.0247775353491306, 
        "limit_p1": 2.2985152900218964, 
        "limit_p2": 3.400348499417305, 
        "observed": 1.1441436596214771, 
        "limit": 1.5100237913429737
    }, 
    "280.0": {
        "limit_m2": 120.0568675994873, 
        "limit_m1": 169.50652599334717, 
        "limit_p1": 379.4527530670166, 
        "limit_p2": 547.0831871032715, 
        "observed": 197.54849672317505, 
        "limit": 251.922607421875
    }, 
    "900.0": {
        "limit_m2": 3.627105802297592, 
        "limit_m1": 5.0672125071287155, 
        "limit_p1": 11.551205068826675, 
        "limit_p2": 17.030711472034454, 
        "observed": 10.511910915374756, 
        "limit": 7.5490981340408325
    }, 
    "800.0": {
        "limit_m2": 7.722833007574081, 
        "limit_m1": 10.7415109872818, 
        "limit_p1": 23.888052999973297, 
        "limit_p2": 34.360167384147644, 
        "observed": 14.207303524017334, 
        "limit": 15.943913161754608
    }, 
    "1700.0": {
        "limit_m2": 0.3659227630123496, 
        "limit_m1": 0.5173175595700741, 
        "limit_p1": 1.2421753257513046, 
        "limit_p2": 1.8989302217960358, 
        "observed": 0.5546831991523504, 
        "limit": 0.7871951907873154
    }, 
    "550.0": {
        "limit_m2": 25.92162787914276, 
        "limit_m1": 35.642239451408386, 
        "limit_p1": 76.43454074859619, 
        "limit_p2": 107.52397775650024, 
        "observed": 44.27157640457153, 
        "limit": 51.84325575828552
    }, 
    "2600.0": {
        "limit_m2": 0.143915181979537, 
        "limit_m1": 0.21551214158535004, 
        "limit_p1": 0.5886325147002935, 
        "limit_p2": 0.950812641531229, 
        "observed": 0.402946537360549, 
        "limit": 0.34756874665617943
    }, 
    "300.0": {
        "limit_m2": 130.86047172546387, 
        "limit_m1": 179.66749668121338, 
        "limit_p1": 394.16096210479736, 
        "limit_p2": 561.4886283874512, 
        "observed": 153.12621593475342, 
        "limit": 263.78173828125
    }, 
    "1200.0": {
        "limit_m2": 0.9643085300922394, 
        "limit_m1": 1.3296312652528286, 
        "limit_p1": 2.982284314930439, 
        "limit_p2": 4.40027117729187, 
        "observed": 1.2080207467079163, 
        "limit": 1.9592300057411194
    }, 
    "3000.0": {
        "limit_m2": 0.13157578650861979, 
        "limit_m1": 0.19661965779960155, 
        "limit_p1": 0.5458454601466656, 
        "limit_p2": 0.8915739133954048, 
        "observed": 0.2686872612684965, 
        "limit": 0.32079429365694523
    }, 
    "700.0": {
        "limit_m2": 14.034660160541534, 
        "limit_m1": 19.46473717689514, 
        "limit_p1": 42.26790368556976, 
        "limit_p2": 59.80151891708374, 
        "observed": 29.797416925430298, 
        "limit": 28.514865040779114
    }, 
    "320.0": {
        "limit_m2": 117.74444580078125, 
        "limit_m1": 161.89861297607422, 
        "limit_p1": 345.3131437301636, 
        "limit_p2": 488.69848251342773, 
        "observed": 119.57453489303589, 
        "limit": 235.4888916015625
    }, 
    "4000.0": {
        "limit_m2": 0.09148381650447845, 
        "limit_m1": 0.14816883485764265, 
        "limit_p1": 0.47389427199959755, 
        "limit_p2": 0.7888132706284523, 
        "observed": 0.21036453545093536, 
        "limit": 0.26022063102573156
    }, 
    "450.0": {
        "limit_m2": 41.32515788078308, 
        "limit_m1": 57.8218936920166, 
        "limit_p1": 127.82583236694336, 
        "limit_p2": 181.80609941482544, 
        "observed": 48.114874958992004, 
        "limit": 85.3164553642273
    }, 
    "1100.0": {
        "limit_m2": 1.4374950900673866, 
        "limit_m1": 1.9820818677544594, 
        "limit_p1": 4.445692524313927, 
        "limit_p2": 6.542160362005234, 
        "observed": 1.4435721561312675, 
        "limit": 2.9206249862909317
    }, 
    "2000.0": {
        "limit_m2": 0.27440162375569344, 
        "limit_m1": 0.3897287882864475, 
        "limit_p1": 0.944134034216404, 
        "limit_p2": 1.4516279101371765, 
        "observed": 0.541148753836751, 
        "limit": 0.5953120067715645
    }, 
    "600.0": {
        "limit_m2": 17.707303166389465, 
        "limit_m1": 25.115832686424255, 
        "limit_p1": 56.5777063369751, 
        "limit_p2": 81.44125938415527, 
        "observed": 30.214214324951172, 
        "limit": 37.46338486671448
    }, 
    "1500.0": {
        "limit_m2": 0.49201357178390026, 
        "limit_m1": 0.6873627193272114, 
        "limit_p1": 1.5832377597689629, 
        "limit_p2": 2.36651673913002, 
        "observed": 0.7699185516685247, 
        "limit": 1.0240282863378525
    }, 
    "350.0": {
        "limit_m2": 102.24666595458984, 
        "limit_m1": 141.19298458099365, 
        "limit_p1": 307.1526288986206, 
        "limit_p2": 440.72628021240234, 
        "observed": 242.95730590820312, 
        "limit": 206.103515625
    }, 
    "2400.0": {
        "limit_m2": 0.15766869764775038, 
        "limit_m1": 0.23314154241234064, 
        "limit_p1": 0.6328446790575981, 
        "limit_p2": 1.022545713931322, 
        "observed": 0.492139533162117, 
        "limit": 0.37722603883594275
    }, 
    "1000.0": {
        "limit_m2": 2.341628260910511, 
        "limit_m1": 3.228740766644478, 
        "limit_p1": 7.222910225391388, 
        "limit_p2": 10.618646442890167, 
        "observed": 2.706787548959255, 
        "limit": 4.75759394466877
    }, 
    "1900.0": {
        "limit_m2": 0.28603014070540667, 
        "limit_m1": 0.4081506747752428, 
        "limit_p1": 0.9950504638254642, 
        "limit_p2": 1.527110394090414, 
        "observed": 0.5206400994211435, 
        "limit": 0.6258437409996986
    }, 
    "2800.0": {
        "limit_m2": 0.13946888502687216, 
        "limit_m1": 0.2073119394481182, 
        "limit_p1": 0.5704465322196484, 
        "limit_p2": 0.9285276755690575, 
        "observed": 0.34670494496822357, 
        "limit": 0.3368305042386055
    }, 
    "500.0": {
        "limit_m2": 31.355026364326477, 
        "limit_m1": 43.67755055427551,